id;nomor;tahun;judul;kategori;status;keterangan
8621346636;1;2020;Peraturan Daerah Kabupaten Kutai Kartanegara Nomor 1 Tahun 2020 tentang Perubahan Atas Peraturan Daerah Kabupaten Kutai Kartanegara Nomor 16 Tahun 2016 tentang Retribusi Jasa Usaha;Peraturan Daerah;Perubahan;Mengubah Perda No. 16 tahun 2016.
8714126652;5;2020;Peraturan Daerah Kabupaten Kutai Kartanegara Nomor 5 Tahun 2020 tentang Pembentukan Kecamatan Kota Bangun Darat;Peraturan Daerah;Berlaku;Berlaku
8913627461;10;2020;Peraturan Daerah Kabupaten Kutai Kartanegara Nomor 10 Tahun 2020 tentang Peraturan Daerah tentang Perubahan Bentuk Hukum Perusahaan Daerah Tunggang Parangan Menjadi PT Tunggang Parangan (Perseroda);Peraturan Daerah;Perubahan;Mencabut Perda No. 15 Tahun 2013, Perda No. 7 Tahun 2011, Perda No. 25 Tahun 2010, Perda No. 6 Tahun 2007 dan Perda No. 14 Tahun 2003
4654200153;11;2020;Peraturan Daerah Kabupaten Kutai Kartanegara Nomor 11 Tahun 2020 tentang Pedoman Badan Permusyawaratan Desa;Peraturan Daerah;Berlaku;Mencabut Perda No. 8 Tahun 2006
3952881496;12;2020;Peraturan Daerah Kabupaten Kutai Kartanegara Nomor 12 Tahun 2020 tentang Perubahan Atas Peraturan Daerah Nomor 20 Tahun 2013 tentang Penyelenggaraan Perlindungan Anak;Peraturan Daerah;Perubahan;Mengubah Perda No. 20 Tahun 2013
7500161110;8;2020;Peraturan Daerah Nomor 8 Tahun 2020 tentang Anggaran Pendapatan dan Belanja Daerah Tahun 2021;Peraturan Daerah;Berlaku;Berlaku
7842406232;7;2020;Peraturan Daerah Kabupaten Kutai Kartanegara tentang Perubahan Anggaran Pendapatan dan Belanja Daerah Tahun Anggaran 2020;Peraturan Daerah;Berlaku;Berlaku
7961842352;13;2020;Peraturan Daerah Kabupaten Kutai Kartanegara Nomor 13 Tahun 2020 tentang Penyelenggaraan Bantuan Hukum;Peraturan Daerah;Berlaku;Berlaku
7993619360;6;2020;Peraturan Daerah Kabupaten Kutai Kartanegata Nomor 6 Tahun 2020 tentang Pembentukan Kecamatan Samboja Barat;Peraturan Daerah;Berlaku;Berlaku
3127162054;3;2020;Peraturan Daerah Kabupaten Kutai Kartanegara Nomor 3 Tahun 2020 tentang Perubahan Bentuk Badan Hukum Perusahaan Daerah Kelistrikan dan Sumber Daya Energi Menjadi PT. Kukar Sejahtera Dambaan Etam (Perseroda);Peraturan Daerah;Berlaku;Mencabut Perda No. 5 Tahun 2008 dan Perda No. 8 Tahun 2011
5728394757;2;2020;Peraturan Daerah Kabupaten Kutai Kartanegara Nomor 2 Tahun 2020 tentang Pertanggungjawaban Pelaksanaan Anggaran Pendapatan dan Belanja Daerah Tahun 2019;Peraturan Daerah;Berlaku;Berlaku
5746881251;9;2020;Peraturan Daerah Kabupaten Kutai Kartanegara Nomor 9 Tahun 2020 tentang Perubahan Ketiga Atas Peraturan Daerah Kabupaten Kutai Kartanegara Nomor 7 Tahun 2009 tentang Penambahan Penyertaan Modal Daerah Kedalam Bank Kaltim;Peraturan Daerah;Perubahan;Merubah Perda No. 4 Tahun 2016, Perda No. 17 Tahun 2011 dan Perda No. 7 Tahun 2009
6434930182;4;2020;Peraturan Daerah Kabupaten Kutai Kartanegara Nomor 4 Tahun 2020 tentang Perubahan Bentuk Hukum Perusahaan Daerah Air Minum Tirta Mahakam Menjadi Perusahaan Umum Daerah Air Minum Tirta Mahakam;Peraturan Daerah;Berlaku;Mencabut Perda No. 11 Tahun 2015
5709221270;61;2020;Peraturan Bupati Kutai Kartanegara Nomor 61 Tahun 2020 tentang Tata Cara Penyelesaian Tuntutan Ganti Kerugian Daerah Terhadap Pegawai Negeri Bukan Bendahara Atau Pejabat Lain;Peraturan Bupati;Berlaku;Mencabut Perbup No. 44 Tahun 2013
5788372260;76;2020;TATA CARA PENGALOKASIAN BAGIAN HASIL PAJAK DAN RETRIBUSI DAERAH KEPADA DESA TAHUN ANGGARAN 2021;Peraturan Bupati;Berlaku;-
5845213702;12;2020;Peraturan Bupati Kutai Kartanegara Nomor 12 Tahun 2020 tentang Pedoman Penatausahaan Administrasi Keuangan Desa;Peraturan Bupati;Berlaku;Diubah dengan Perbup No. 9 Tahun 2022
6127457148;45;2020;PENETAPAN, PENEGASAN DAN PENGESAHAN BATAS DESA LOA KULU KOTA KECAMATAN LOA KULU;Peraturan Bupati;Berlaku;-
6174985152;28;2020;PENETAPAN, PENEGASAN DAN PENGESAHAN BATAS DESA PERJIWA KECAMATAN TENGGARONG SEBERANG;Peraturan Bupati;Berlaku;-
6208558362;15;2020;Peraturan Bupati Kutai Kartanegara Nomor 15 Tahun 2020 tentang Perubahan Kedua Atas Peraturan Bupati Nomor 10 Tahun 2019 tentang Peraturan Pelaksanaan Peraturan Daerah Nomor 3 Tahun 2015 tentang Pemilihan dan Pemberhentian Kepala Desa;Peraturan Bupati;Berlaku;Mengubah Perbup No. 10 Tahun 2019 dan Perbup No. 36 Tahun 2019, serta diubah dengan Perbup No. 67 Tahun 2021
6348182561;83;2020;PENYELENGGARAAN FORUM SATU DATA INDONESIA TINGKAT DAERAH;Peraturan Bupati;Berlaku;-
6397310231;17;2020;Peraturan Bupati Kutai Kartanegara Nomor 17 Tahun 2020 tentang Perubahan Atas Peraturan Bupati Nomor 63 Tahun 2019 tentang Pembentukan Tim Penerapan Standar Pelayanan Minimal;Peraturan Bupati;Dicabut;Dicabut dengan Perbup No. 28 Tahun 2022 dan mengubah Perbup No. 63 Tahun 2019
6462848873;27;2020;PENETAPAN, PENEGASAN DAN PENGESAHAN BATAS DESA BUANA JAYA KECAMATAN TENGGARONG SEBERANG;Peraturan Bupati;Berlaku;-
6642874240;29;2020;PENETAPAN, PENEGASAN DAN PENGESAHAN BATAS DESA KERTA BUANA KECAMATAN TENGGARONG SEBERANG;Peraturan Bupati;Berlaku;-
9260995190;22;2020;PETUNJUK TEKNIS PELAKSANAAN PEMBERIAN TUNJANGAN HARI RAYA BAGI PNS DI LINGKUNGAN PEMERINTAH KABUPATEN KUTAI KARTANEGARA;Peraturan Bupati;Berlaku;-
9499331003;2;2020;Peraturan Bupati Kutai Kartanegara Nomor 2 Tahun 2020 tentang Penyelenggaraan Pelayanan Terpadu Satu Pintu;Peraturan Bupati;Berlaku;Mencabut Perbup No. 40 Tahun 2017
9650123031;26;2020;PENETAPAN, PENEGASAN DAN PENGESAHAN BATAS DESA EMBALUT KECAMATAN TENGGARONG SEBERANG;Peraturan Bupati;Berlaku;-
9673323764;3;2020;Peraturan Bupati Kutai Kartanegara Nomor 3 Tahun 2020 tentang Kode Etik Pengadaan Barang / Jasa;Peraturan Bupati;Berlaku;Berlaku
9733790691;52;2020;PENETAPAN, PENEGASAN DAN PENGESAHAN BATAS DESA BAKUNGAN KECAMATAN LOA JANAN;Peraturan Bupati;Berlaku;-
9766121050;9;2020;Peraturan Bupati Kutai Kartanegara Nomor 9 Tahun 2020 tentang Dana Jaminan Kesehatan Bagi Kepala Desa dan Perangkat Desa;Peraturan Bupati;Berlaku;Berlaku
9895029493;67;2020;Peraturan Bupati Kutai Kartanegara Nomor 67 Tahun 2020 tentang Perubahan Kedua Atas Peraturan Bupati Kutai Kartanegara Nomor 61 Tahun 2019 tentang Standar Satuan Harga;Peraturan Bupati;Perubahan;Mengubah Perbup No. 21 Tahun 2020 dan Perbup No. 61 Tahun 2019
9951926640;68;2020;Peraturan Bupati Kutai Kartanegara Nomor 68 Tahun 2020 tentang Perubahan Keempat Atas Peraturan Bupati Kutai Kartanegara Nomor 16 Tahun 2014 tentang Kebijakan Akuntansi Pemerintah Daerah Kabupaten Kutai Kartanegara;Peraturan Bupati;Dicabut;Mengubah Perbup No. 51 Tahun 2018, Perbup No. 68 Tahun 2017, Perbup No. 5 Tahun 2016 dan Perbup No. 16 Tahun 2014 serta dicabut dengan Perbup No. 19 Tahun 2024
9962657367;16;2020;Peraturan Bupati Kutai Kartanegara Nomor 16 Tahun 2020 tentang Masterplan Smart City/Smart Regency;Peraturan Bupati;Berlaku;Berlaku
6940207265;4;2020;Peraturan Bupati Kutai Kartanegara Nomor 4 Tahun 2020 tentang Peraturan Internal Rumah Sakit Umum Daerah Dayaku Raja;Peraturan Bupati;Dicabut;Dicabut dengan Perbup No 25 Tahun 2024
7179529639;32;2020;PENETAPAN, PENEGASAN DAN PENGESAHAN BATAS DESA MANUNGGAL JAYA KECAMATAN TENGGARONG SEBERANG;Peraturan Bupati;Berlaku;-
7410808160;21;2020;Peraturan Bupati Kutai Kartanegara Nomor 21 Tahun 2020 tentang Perubahan Atas Peraturan Bupati Kutai Kartanegara Nomor 61 Tahun 2019 tentang Standar Satuan Harga;Peraturan Bupati;Perubahan;Mengubah Perbup No. 61 Tahun 2019 dan diubah dengan Perbup No. 67 Tahun 2020
7414536225;44;2020;PENETAPAN, PENEGASAN DAN PENGESAHAN BATAS DESA JONGGON JAYA KECAMATAN LOA KULU;Peraturan Bupati;Berlaku;-
7419937016;57;2020;Peraturan Bupati Kutai Kartanegara Nomor 57 Tahun 2020 Tentang Perubahan Atas Peraturan Bupati Nomor 39 Tahun 2019 Tentang Rencana Kerja Pemerintah Daerah Kabupaten Kutai Kartanegara Tahun 2020;Peraturan Bupati;Perubahan;Merubah Perbup Nomor 39 Tahun 2019
7496173152;69;2020;Peraturan Bupati Kutai Kartanegara Nomor 69 Tahun 2020 tentang Perubahan Atas Perbup Kukar Nomor 78 Tahun 2019 tentang Penetapan Batas Jumlah Uang Persediaan, Ganti Uang Persediaan dan Tambahan Uang Persediaan Pada Pemerintah Kab. Kukar TA 2020;Peraturan Bupati;Perubahan;Mengubah Perbup No. 78 Tahun 2019
7523880525;48;2020;PETUNJUK TEKNIS PELAKSANA PEMBERIAN GAJI KETIGA BELAS BAGI PNS DI LINGKUNGAN PEMERINTAH DAERAH KABUPATEN KUTAI KARTANEGARA;Peraturan Bupati;Berlaku;-
7682761046;5;2020;Peraturan Bupati Kutai Kartanegara Nomor 5 Tahun 2020 tentang Tata Cara Pengadaan Barang/Jasa Di Desa;Peraturan Bupati;Berlaku;Mencabut Perbup No. 14 Tahun 2016
7858685628;7;2020;Peraturan Bupati Kutai Kartanegara Nomor 7 Tahun 2020 tentang Perubahan Atas Peraturan Bupati Kutai Kartanegara Nomor 76 Tahun 2019 tentang Tata Cara Pembagian dan Penetapan Rincian Dana Desa Setiap Desa Tahun Anggaran 2020;Peraturan Bupati;Perubahan;Mengubah Perbup No. 76 Tahun 2019 dan diubah dengan Perbup No. 20 Tahun 2020, Perbup No. 40 Tahun 2020 serta Perbup No. 71 Tahun 2020
7907421847;18;2020;Peraturan Bupati Kutai Kartanegara Nomor 18 Tahun 2020 tentang Perubahan Atas Peraturan Bupati Kutai Kartanegara Nomor 72 Tahun 2019 tentang Pedoman Penyusunan Anggaran Pendapatan dan Belanja Desa Tahun Anggaran  2020;Peraturan Bupati;Perubahan;Mengubah Perbup No. 72 Tahun 2019 dan diubah dengan Perbup No. 19 Tahun 2020
8009983460;8;2020;Peraturan Bupati Kutai Kartanegara Nomor 8 Tahun 2020 tentang Petunjuk Teknis Pengelolaan Dana Bantuan Operasional Sekolah Kabupaten Tahun 2020;Peraturan Bupati;Berlaku;Berlaku
3564308421;24;2020;Peraturan Bupati Kutai Kartanegara Nomor 24 Tahun 2020 tentang Perubahan Atas Perbup Kukar No. 4 Tahun 2018 tentang Pola Koordinasi Antar Perangkat Daerah, Instansi Vertikal dan Unsur Pelayanan Lainnya di Lingkungan Pemda;Peraturan Bupati;Perubahan;Mengubah Perbup No. 4 Tahun 2018
3640000532;82;2020;Peraturan Bupati Kutai Kartanegara Nomor 82 Tahun 2020 tentang Standar Harga Satuan Tahun 2021;Peraturan Bupati;Berlaku;Diubah dengan Perbup No. 54 Tahun 2021
3681092833;73;2020;Peraturan Bupati Kutai Kartanegara Nomor 73 Tahun 2020 tentang Perubahan Atas Peraturan Bupati Nomor 22 Tahun 2018 tentang Tarif Pelayanan Kesehatan Pada Badan Layanan Umum Daerah Rumah Sakit Umum Daerah Dayaku Raja;Peraturan Bupati;Perubahan;Mengubah Perbup No. 22 Tahun 2018
3786582742;60;2020;RENCANA KERJA PERANGKAT DAERAH TAHUN 2021;Peraturan Bupati;Berlaku;-
3806206919;71;2020;Peraturan Bupati Kutai Kartanegara Nomor 71 Tahun 2020 tentang Perubahan Keempat Atas Peraturan Bupati Nomor 76 Tahun 2019 tentang Tata Cara Pembagian dan Penetapan Rincian Dana Desa Setiap Desa Tahun Anggaran 2020;Peraturan Bupati;Perubahan;Mengubah Perbup No. 40 Tahun 2020, Perbup No. 20 Tahun 2020, Perbup No. 7 Tahun 2020 dan Perbup No. 76 Tahun 2019
3919290566;49;2020;PENETAPAN, PENEGASAN DAN PENGESAHAN BATAS DESA BATUAH KECAMATAN LOA JANAN;Peraturan Bupati;Berlaku;-
3956070783;85;2020;Peraturan Bupati Kutai Kartanegara Nomor 85 Tahun 2020 tentang Pembentukan, Kedudukan, Susunan Organisasi, Tugas dan Fungsi serta Tata Kerja Unit Pelaksana Teknis Daerah Pengelolaan Komplek Olahraga pada Dinas Kepemudaan dan Olahraga;Peraturan Bupati;Berlaku;Mencabut Perbup No. 100 Tahun 2016
4047765702;19;2020;Peraturan Bupati Kutai Kartanegara Nomor 19 Tahun 2020 tentang Perubahan Kedua Atas Peraturan Bupati Kutai Kartanegara Nomor 72 Tahun 2019 tentang Pedoman Penyusunan Anggaran Pendapatan dan Belanja Desa Tahun Anggaran  2020;Peraturan Bupati;Perubahan;Mengubah Perbup No. 72 Tahun 2019 dan Perbup No. 18 Tahun 2020
4155842739;10;2020;Peraturan Bupati Kutai Kartanegara Nomor 10 Tahun 2020 tentang Besaran Nilai Pemberian Tambahan Penghasilan Pegawai Negeri Sipil;Peraturan Bupati;Dicabut;Mencabut Perbup No. 33 Tahun 2016 dan dicabut dengan Perbup No. 65 Tahun 2021
4158582515;37;2020;PENETAPAN, PENEGASAN DAN PENGESAHAN BATAS DESA BUKIT RAYA KECAMATAN TENGGARONG SEBERANG;Peraturan Bupati;Berlaku;-
4411758524;81;2020;IMPLEMENTASI PENDIDIKAN KARAKTER DAN BUDAYA ANTI KORUPSI PADA SATUAN PENDIDIKAN;Peraturan Bupati;Berlaku;-
4526753033;35;2020;PENETAPAN, PENEGASAN DAN PENGESAHAN BATAS DESA HAMBAU KECAMATAN KEMBANG JANGGUT;Peraturan Bupati;Berlaku;-
4655169334;65;2020;Peraturan Bupati Kabupaten Kutai Kartanegara Nomor 65 Tahun 2020 tentang Jadwal Retensi Arsip Fasilitatif;Peraturan Bupati;Dicabut;Dicabut dengan Perbup No 73 Tahun 2023
4929292455;6;2020;Peraturan Bupati Kutai Kartanegara Nomor 6 Tahun 2020 tentang Perubahan Atas Peraturan Bupati Kutai Kartanegara Nomor 8 Tahun 2014 tentang Piagam Pengawasan Internal;Peraturan Bupati;Perubahan;Mengubah Perbup No. 8 Tahun 2014
5297643271;72;2020;Peraturan Bupati Kutai Kartanegara Nomor 72 Tahun 2020 tentang Perubahan Ketiga Atas Perbup No 57 Tahun 2015 tentang Tarif Pelayanan Kesehatan Pada Badan Layanan Umum Daerah RSUD Aji Muhammad Parikesit Kabupaten Kutai Kartanegara;Peraturan Bupati;Perubahan;Mengubah Perbup No. 60 Tahun 2017, Perbup No. 15 Tahun 2016 dan Perbup No. 57 Tahun 2015
5319546014;84;2020;Peraturan Bupati Kutai Kartanegara Nomor 84 Tahun 2020 tentang Kedudukan, Susunan Organisasi, Tugas dan Fungsi serta Tata Kerja Unit Pelaksana Teknis Daerah Pelayanan Sosial Asuhan Anak  “Odah Ngasoh Kanak” Pada Dinas Sosial;Peraturan Bupati;Berlaku;Mencabut Perbup No. 74 Tahun 2016
5350243581;70;2020;Peraturan Bupati Kutai Kartanegara Nomor 70 Tahun 2020 tentang Perubahan Atas Peraturan Bupati Nomor 75 Tahun 2019 Tentang Alokasi Dana Desa Tahun Anggaran 2020;Peraturan Bupati;Perubahan;Mengubah Perbup No. 75 Tahun 2019
5380188098;79;2020;PEMBENTUKAN, KEDUDUKAN, SUSUNAN ORGANISASI, TUGAS DAN FUNGSI SERTA TATA KERJA UNIT PELAKSANA TEKNIS DAERAH BALAI BENIH IKAN TIRTA JAYA KECAMATAN SANGA-SANGA PADA DINAS KELAUTAN DAN PERIKANAN;Peraturan Bupati;Berlaku;-
5639135838;36;2020;PENETAPAN, PENEGASAN DAN PENGESAHAN BATAS DESA TANJUNG BATU KECAMATAN TENGGARONG SEBERANG;Peraturan Bupati;Berlaku;-
8174750285;62;2020;PENJABARAN PERUBAHAN ANGGARAN PENDAPATAN DAN BELANJA  DAERAH TAHUN ANGGARAN 2020;Peraturan Bupati;Berlaku;-
8375779540;1;2020;Peraturan Bupati Kutai Kartanegara Nomor 1 Tahun 2020 tentang Perubahan Rencana Strategis Perangkat Daerah Tahun 2016-2021;Peraturan Bupati;Perubahan;Mengubah Perbup No. 30 Tahun 2016
8461955853;11;2020;Peraturan Bupati Kutai Kartanegara Nomor 11 Tahun 2020 tentang Perubahan Atas Peraturan Bupati Nomor 74 Tahun 2019 tentang Penjabaran Anggaran Pendapatan dan Belanja Daerah Tahun Anggaran 2020;Peraturan Bupati;Perubahan;Mengubah Perbup No. 74 Tahun 2019
8483778846;20;2020;Peraturan Bupati Kutai Kartanegara Nomor 20 Tahun 2020 tentang Perubahan Kedua Atas Peraturan Bupati Kutai Kartanegara Nomor 76 Tahun 2019 tentang Tata Cara Pembagian dan Penetapan Rincian Dana Desa Setiap Desa Tahun Anggaran 2020;Peraturan Bupati;Perubahan;Mengubah Perbup No. 7 Tahun 2020 dan Perbup No. 76 Tahun 2019 serta diubah dengan Perbup No. 71 Tahun 2020 dan Perbup No. 40 Tahun 2020.
8531891605;64;2020;Peraturan Bupati Kutai Kartanegara Nomor 64 Tahun 2020 tentang Pembubaran Unit Pelaksana Teknis Daerah di Kabupaten Kutai Kartanegara;Peraturan Bupati;Berlaku;Mencabut Perbup No. 75 Tahun 2016, Perbup No. 78 Tahun 2016 dan Perbup No. 111 Tahun 2016
8582883692;78;2020;PENJABARAN ANGGARAN PENDAPATAN DAN BELANJA DAERAH TAHUN ANGGARAN 2021;Peraturan Bupati;Berlaku;-
8712336250;14;2020;SISTEM DAN PROSEDUR PELAKSANAAN PEMUNGUTAN PAJAK DAERAH;Peraturan Bupati;Berlaku;-
8806451297;58;2020;PENJABARAN PERTANGGUNGJAWABAN PELAKSANAAN ANGGARAN PENDAPATAN DAN BELANJA DAERAH TAHUN 2019;Peraturan Bupati;Berlaku;-
8918979827;56;2020;Peraturan Bupati Kabupaten Kutai Kartanegara Nomor 56 Tahun 2020 tentang Perubahan Atas Peraturan Bupati Kutai Kartanegara Nomor 65 Tahun 2019 tentang Pedoman Pemberian Hibah dan Bantuan Sosial yang Bersumber dari Anggaran Pendapatan dan Belanja Daerah;Peraturan Bupati;Berlaku;Merubah Perbup No 65 Tahun 2019 dan diubah dengan Perbup No 71 Tahun 2023
8989670971;13;2020;PENILAIAN FISIK KEBUN MITRA PADA KEGIATAN BUDIBAYA KELAPA SAWIT POLA KEMITRAAN NON FASILITAS PROGRAM REVITALISASI PERKEBUNAN;Peraturan Bupati;Berlaku;-
2166675357;25;2020;Peraturan Bupati Kutai Kartanegara Nomor 25 Tahun 2020 tentang Pakaian Dinas Aparatur Sipil Negara di Lingkungan Pemerintah Kabupaten Kutai Kartanegara;Peraturan Bupati;Berlaku;Mencabut Perbup No. 26 Tahun 2009, Perbup No. 29 Tahun 2010, Perbup No. 20 Tahun 2011, Perbup No. 6 Tahun 2016 dan Perbup No. 46 Tahun 2019
2366139874;34;2020;PENETAPAN, PENEGASAN DAN PENGESAHAN BATAS DESA LOA ULUNG KECAMATAN TENGGARONG SEBERANG;Peraturan Bupati;Berlaku;-
2454575475;47;2020;PERUBAHAN ATAS PERATURAN BUPATI KUTAI KARTANEGARA NOMOR 7 TAHUN 2016 TENTANG STRUKTUR ORGANISASI DAN TATA KERJA PEMERINTAHAN DESA;Peraturan Bupati;Perubahan;-
2626702107;80;2020;TATA KELOLA BADAN KOORDINASI HUBUNGAN MASYARAKAT;Peraturan Bupati;Berlaku;-
2634304243;31;2020;PENETAPAN, PENEGASAN DAN PENGESAHAN BATAS DESA MANUNGGAL JAYA KECAMATAN TENGGARONG SEBERANG;Peraturan Bupati;Berlaku;-
2872105597;41;2020;Peraturan Daerah Kabupaten Kutai Kartanegara Nomor 41 Tahun 2020 Tentang Rencana Kerja Pemerintah Daerah Kabupaten Kutai Kartanegara Tahun 2021;Peraturan Bupati;Berlaku;Diubah dengan Perbup No. 12 Tahun 2021
3063821321;77;2020;Peraturan Bupati Kutai Kartanegara Nomor 77 Tahun 2020 tentang Tata Cara Pembagian dan Penetapan Rincian Dana Desa Setiap Desa Tahun Anggaran 2021;Peraturan Bupati;Berlaku;Diubah dengan Perbup No. 55 Tahun 2021
3233024730;63;2020;PENDAFTARAN USAHA BUDIDAYA TANAMAN PERKEBUNAN;Peraturan Bupati;Berlaku;-
3272703815;30;2020;PENETAPAN, PENEGASAN DAN PENGESAHAN BATAS DESA BANGUN REJO KECAMATAN TENGGARONG SEBERANG;Peraturan Bupati;Berlaku;-
1026526142;46;2020;PENETAPAN, PENEGASAN DAN PENGESAHAN BATAS DESA JEMBAYAN KECAMATAN LOA KULU;Peraturan Bupati;Berlaku;-
1033770641;39;2020;PERUBAHAN ATAS PERATURAN BUPATI KUTAI KARTANEGARA NOMOR 36 TAHUN 2015 TENTANG HARGA ECERAN TERTINGGI LIQUEFIED PETROLEUM GAS TABUNG 3 KILOGRAM PADA TINGKAT PANGKALAN DI WILAYAH KABUPATEN KUTAI KARTANEGARA;Peraturan Bupati;Berlaku;-
1160391631;40;2020;Peraturan Bupati Kutai Kartanegara Nomor 40 Tahun 2020 tentang Perubahan Ketiga Atas Peraturan Bupati Kutai Kartanegara Nomor 76 Tahun 2019 tentang Tata Cara Pembagian dan Penetapan Rincian Dana Desa Setiap Desa Tahun Anggaran 2020;Peraturan Bupati;Perubahan;Mengubah Perbup No. 20 Tahun 2020, Perbup No. 7 Tahun 2020 dan Perbup No. 76 Tahun 2019 serta diubah dengan Perbup No. 71 Tahun 2020
1242433063;53;2020;PENETAPAN, PENEGASAN DAN PENGESAHAN BATAS DESA LONG BELEH MODANG KECAMATAN KEMBANG JANGGUT;Peraturan Bupati;Berlaku;-
1698604439;43;2020;PENETAPAN, PENEGASAN DAN PENGESAHAN BATAS DESA MARGAHAYU KECAMATAN LOA KULU;Peraturan Bupati;Berlaku;-
1721151619;54;2020;Peraturan Bupati Nomor 54 Tahun 2020 tentang Pedoman Penerapan Disiplin dan Penegakan Hukum Protokol Kesehatan Sebagai Upaya Pencegahan dan Pengendalian Corona Virus Disease 2019 (Covid-19);Peraturan Bupati;Berlaku;Diubah dengan Perbup No 1 Tahun 2022
1853261100;55;2020;PEMBENTUKAN, KEDUDUKAN, SUSUNAN ORGANISASI, TUGAS DAN FUNGSI SERTA TATA KERJA UNIT PELAKSANA TEKNIS DAERAH LABORATURIUM KESEHATAN DAERAH & ELEKTROMEDIK DINAS KESEHATAN;Peraturan Bupati;Berlaku;-
1877522033;50;2020;PENETAPAN, PENEGASAN DAN PENGESAHAN BATAS DESA LOA DURI ULU KECAMATAN LOA JANAN;Peraturan Bupati;Berlaku;-
1975439416;51;2020;PENETAPAN, PENEGASAN DAN PENGESAHAN BATAS DESA LOA DURI ILIR KECAMATAN LOA JANAN;Peraturan Bupati;Berlaku;-
2001124051;75;2020;Peraturan Bupati Kutai Kartanegara Nomor 75 Tahun 2020 tentang Tata Cara Pengalokasian dan Pembagian Alokasi Dana Desa Setiap Desa Tahun Anggaran 2021;Peraturan Bupati;Berlaku;Diubah dengan Perbup No. 53 Tahun 2021
2122719330;74;2020;PEDOMAN PENYUSUNAN ANGGARAN PENDAPATAN DAN BELANJA DESA TAHUN ANGGARAN 2021;Peraturan Bupati;Berlaku;-
9168647746;6;2021;RENCANA PEMBANGUNAN JANGKA MENENGAH DAERAH TAHUN 2021-2026;Peraturan Daerah;Berlaku;-
3581457638;4;2021;PEDOMAN PENYELENGGARAAN GERAKAN ETAM MENGAJI;Peraturan Daerah;Berlaku;-
3694963580;5;2021;Peraturan Daerah Kabupaten Kutai Kartanegara Nomor 5 Tahun 2021 tentang Perubahan Kedua Atas Peraturan Daerah Nomor 12 Tahun 2017 tentang Pembentukan Badan Usaha Milik Daerah Perseroan Terbatas Mahakam Gerbang Raja Migas;Peraturan Daerah;Berlaku;Mengubah Perda No. 12 Tahun 2017
3942052014;2;2021;Peraturan Daerah Kabupaten Kutai Kartanegara Nomor 2 Tahun 2021 tentang Tata Cara Penyelenggaraan Cadangan Pangan;Peraturan Daerah;Berlaku;Mencabut Perbup No. 9 Tahun 2019
6824493515;3;2021;PENYELENGGARAAN PENGUJIAN KENDARAAN BERMOTOR;Peraturan Daerah;Berlaku;-
7025275544;8;2021;PERUBAHAN ANGGARAN PENDAPATAN DAN BELANJA DAERAH TAHUN ANGGARAN 2021;Peraturan Daerah;Perubahan;Perubahan
7641032503;9;2021;ANGGARAN PENDAPATAN DAN BELANJA DAERAH TAHUN ANGGARAN 2022;Peraturan Daerah;Berlaku;Berlaku
7844327498;1;2021;Peraturan Daerah Kabupaten Kutai Kartanegara Nomor 1 Tahun 2021 tentang Perubahan Atas Peraturan Daerah Nomor 22 Tahun 2016 tentang Pengarusutamaan Gender Dalam Pembangunan;Peraturan Daerah;Perubahan;Mengubah Perda No. 22 Tahun 2016
5865701635;9;2021;PENETAPAN, PENEGASAN DAN PENGESAHAN BATAS DESA SEPARI KECAMATAN TENGGARONG SEBERANG;Peraturan Bupati;Berlaku;-
6128187606;33;2021;Peraturan Bupati Kutai Kartanegara No 33 Tahun 2021 tentang Kedudukan, Susunan Organisasi, Tugas dan Fungsi Serta Tata Kerja Perangkat Daerah Pada Dinas Perumahan dan Kawasan Pemukiman;Peraturan Bupati;Dicabut;Mencabut Perbup No 57 Tahun 2016 dan dicabut dengan Perbup No. 45 Tahun 2023
6325781499;46;2021;Peraturan Bupati Kutai Kartanegara No 46 Tahun 2021 Tentang Kedudukan, Susunan Organisasi, Tugas dan Fungsi serta Tata Kerja Perangkat Daerah pada Sekretariat Daerah;Peraturan Bupati;Dicabut;Mencabut Perbup No. 67 Tahun 2019 dan dicabut dengan Perbup No. 40 Tahun 2023
6353191270;2;2021;PEDOMAN TEKNIS PEMBERIAN TUNJANGAN HARI RAYA DAN GAJI KETIGA BELAS YANG BERSUMBER PADA ANGGARAN PENDAPATAN DAN BELANJA DAERAH TAHUN 2021;Peraturan Bupati;Berlaku;Mencabut Peraturan Bupati Nomor 22 Tahun 2020
6439419344;24;2021;Peraturan Bupati Kutai Kartanegara Nomor 24 Tahun 2021 tentang Kedudukan, Susunan Organisasi, Tugas dan Fungsi serta Tata Kerja Perangkat Daerah pada Dinas Kearsipan dan Perpustakaan;Peraturan Bupati;Dicabut;Mencabut Perbup No. 54 Tahun 2016 dan dicabut dengan Perbup No 62 Tahun 2023
6527460657;67;2021;Peraturan Bupati Kutai Kartanegara Nomor 67 Tahun 2021 tentang Perubahan Ketiga Atas Peraturan Bupati Nomor 10Tahun 2019 Tentang Peraturan Pelaksanaan Peraturan Daerah Nomor 3 Tahun 2015 Tentang Pemilihan Dan Pemberhentian Kepala Desa;Peraturan Bupati;Berlaku;"Merubah :
1. Perbup No. 15 Tahun 2020;
2. Perbup No. 36 Tahun 2019; dan
3. Perbup No. 10 Tahun 2019."
6585415202;13;2021;RENCANA STRATEGIS PEERANGKAT DAERAH TAHUN 2021-2026;Peraturan Bupati;Berlaku;-
9261541228;59;2021;PENGEMBANGAN ANAK USIA DINI HOLISTIK INTEGRATIF PADA SATUAN PENDIDIKAN;Peraturan Bupati;Berlaku;-
9455767677;44;2021;KEDUDUKAN, SUSUNAN ORGANISASI, TUGAS & FUNGSI SERTA TATA KERJA PERANGKAT DAERAH PADA DINAS ENERGI DAN SUMBER DAYA MINERAL;Peraturan Bupati;Berlaku;-
9792758661;52;2021;Peraturan Bupati Kutai Kartanegara Nomor 52 Tahun 2021 tentang Kedudukan, Susunan Organisasi, Tugas dan Fungsi serta Tata Kerja Perangkat Daerah pada Dinas Komunikasi dan Informatika;Peraturan Bupati;Dicabut;Mencabut Perbup No 59 Tahun 2016 dan dicabut dengan Perbup No. 61 Tahun 2023
9929648942;15;2021;Peraturan Bupati Kutai Kartanegara No 52 Tahun 2023 tentang Kedudukan, Susunan Organisasi, Tugas dan Fungsi serta Tata Kerja Perangkat Daerah pada Dinas Kesehatan;Peraturan Bupati;Dicabut;Mencabut Perbup No. 50 Tahun 2016 dan dicabut dengan Perbup No. 52 Tahun 2023
9958796852;69;2021;Peraturan Bupati Kutai Kartanegara Nomor 69 Tahun 2021 tentang Gugus Tugas Kutai Kartanegara Idaman;Peraturan Bupati;Berlaku;Berlaku
6803543258;22;2021;Peraturan Bupati Kutai Kartanegara Nomor 22 Tahun 2021 Tentang Kedudukan, Susunan Organisasi, Tugas dan Fungsi serta Tata Kerja Perangkat Daerah pada Dinas Sosial;Peraturan Bupati;Dicabut;Mencabut Perbup No 52 Tahun 2016 dan dicabut dengan Perbup No 56 Tahun 2023
6858563495;17;2021;Peraturan Bupati Kutai Kartanegara Nomor 17 Tahun 2021 tentang Kedudukan, Susunan Organisasi, Tugas dan Fungsi serta Tata Kerja Perangkat Daerah pada Dinas Kepemudaan dan Olahraga;Peraturan Bupati;Dicabut;Mencabut Perbup No 38 Tahun 2016 dan Dicabut dengan Perbup No 55 Tahun 2023
7283937438;74;2021;GERAKAN BENA DAN BELI PRODUK DAERAH;Peraturan Bupati;Berlaku;-
7541023960;36;2021;Peraturan Bupati Kabupaten Kutai Kartanegara Nomor 36 Tahun 2021 tentang Kedudukan, Susunan Organisasi, Tugas dan Fungsi serta Tata Kerja Perangkat Daerah Pada Badan Pengelola Keuangan dan Aset Daerah;Peraturan Bupati;Dicabut;Mencabut Perbup No 58 Tahun 2016 dan dicabut dengan Perbup No 43 Tahun 2023
7610726459;56;2021;PERUBAHAN ATAS PERATURAN BUPATI NOMOR 77 TAHUN 2017 TENTANG PEDOMAN PELAKSANAAN PERATURAN DAERAH NOMOR 7 TAHUN 2017 TENTANG HAK KEUANGAN DAN ADMINISTRATIF PIMPINAN DAN ANGGOTA DPRD;Peraturan Bupati;Berlaku;-
7651434251;63;2021;Peraturan Bupati Kutai Kartanegara Nomor 63 Tahun 2021 tentang Bantuan Keuangan Khusus Kepada Desa;Peraturan Bupati;Perubahan;Merubah Perbup No. 8 Tahun 2019
7676090238;34;2021;Peraturan Bupati Kutai Kartanegara Nomor 34 Tahun 2021 tentang Kedudukan, Susunan Organisasi, Tugas dan Fungsi serta Tata Kerja Perangkat Daerah Pada Dinas Perkebunan;Peraturan Bupati;Berlaku;Mencabut Perbup No. 55 Tahun 2016
7805950049;43;2021;Peraturan Bupati Kutai Kartanegara Nomor 43 Tahun 2021 tentang Kedudukan, Susunan Organisasi, Tugas dan Fungsi serta Tata Kerja Perangkat Daerah Pada Inspektorat Daerah;Peraturan Bupati;Berlaku;Mencabut Perbup No. 43 Tahun 2016
7903121179;37;2021;Peraturan Bupati Kutai Kartanegara Nomor 37 Tahun 2021 tentang Kedudukan, Susunan Organisasi, Tugas dan Fungsi serta Tata Kerja Perangkat Daerah Pada Badan Pendapatan Daerah;Peraturan Bupati;Berlaku;Mencabut Perbup No. 40 Tahun 2016
3283405902;61;2021;PENETAPAN, PENEGASAN DAN PENGESAHAN BATAS DESA MULAWARMAN KECAMATAN TENGGARONG SEBERANG;Peraturan Bupati;Berlaku;-
3526350733;81;2021;PENETAPAN, PENEGASAN DAN PENGESAHAN BATAS KELURAHAN MANGKURAWANG KECAMATAN TENGGARONG;Peraturan Bupati;Berlaku;-
3611144902;66;2021;Peraturan Bupati Kutai Kartanegara Nomor 66 Tahun 2021 tentang Standar Harga Satuan Tahun 2022;Peraturan Bupati;Berlaku;Diubah dengan Perbup No. 15 Tahun 2022
3791604338;4;2021;Peraturan Bupati Kutai Kartanegara Nomor 4 Tahun 2021 tentang Rencana Kerja Pemerintah Daerah Tahun 2022;Peraturan Bupati;Berlaku;Diubah dengan Perbup No. 36 Tahun 2022
3912910203;30;2021;Peraturan Bupati Kutai Kartanegara Nomor 30 Tahun 2021 tentang Kedudukan, Susunan Organisasi, Tugas dan Fungsi serta Tata Kerja Perangkat Daerah pada Dinas Pemberdayaan Masyarakat dan Desa;Peraturan Bupati;Dicabut;Mencabut Perbup No 64 Tahun 2016 dan dicabut dengan Perbup No 59 Tahun 2023
3986809483;79;2021;PENETAPAN, PENEGASAN DAN PENGESAHAN BATAS KELURAHAN LOA IPUH DARAT KECAMATAN TENGGARONG;Peraturan Bupati;Berlaku;-
4063557938;41;2021;Peraturan Bupati Kabupaten Kutai Kartanegara Nomor 41 Tahun 2021 tentang Kedudukan, Susunan Organisasi, Tugas Dan Fungsi Serta Tata Kerja Perangkat Daerah Pada Badan Kesatuan Bangsa Dan Politik;Peraturan Bupati;Berlaku;Mencabut Perbup No 35 Tahun 2017
4087053807;68;2021;Peraturan Bupati Kutai Kartanegara Nomor 68 Tahun 2021 tentang Perubahan Atas Peraturan Bupati Nomor 26 Tahun 2019 tentang Perjalanan Dinas;Peraturan Bupati;Berlaku;Merubah Perbup No 26 Tahun 2019 dan diubah dengan Perbup No 34 Tahun 2022 serta Perbup No 86 Tahun 2023
4344665162;35;2021;Peraturan Bupati Kutai Kartanegara Nomor 35 Tahun 2021 tentang Kedudukan, Susunan Organisasi, Tugas dan Fungsi serta Tata Kerja Perangkat Daerah Pada Dinas Pertanian dan Peternakan;Peraturan Bupati;Berlaku;Mencabut Perbup No. 66 Tahun 2016
4573571094;39;2021;Peraturan Bupati Kabupaten Kutai Kartanegara Nomor 39 Tahun 2021 tentang Kedudukan, Susunan Organisasi, Tugas dan Fungsi serta Tata Kerja Perangkat Daerah pada Badan Kepegawaian dan Pengembangan Sumber Daya Manusia;Peraturan Bupati;Dicabut;Dicabut dengan Perbup No 42 Tahun 2023
4643913836;27;2021;Peraturan Bupati Kutai Kartanegara Nomor 27 Tahun 2021 tentang Kedudukan, Susunan Organisasi, Tugas dan Fungsi serta Tata Kerja Perangkat Daerah Pada  Dinas Pariwisata;Peraturan Bupati;Dicabut;Mencabut Perbup No. 37 Tahun 2016 dan dicabut dengan Perbup No. 53 Tahun 2023
4655510664;49;2021;Peraturan Bupati Kutai Kartanegara Nomor 49 Tahun 2021 tentang Pembentukan, Kedudukan, Susunan Organisasi, Tugas, Fungsi, Tanggung Jawab dan Wewenang serta Tata Kerja Rumah Sakit Umum Daerah Dayaku Raja Kota Bangun Kabupaten Kutai Kartanegara;Peraturan Bupati;Dicabut;Dicabut dengan Perbup No. 56 Tahun 2022 dan mencabut Perbup No. 31 Tahun 2015
4695578221;60;2021;PERATURAN BUPATI KUTAI KARTANEGARA NOMOR 60 TAHUN 2023 TENTANG PENETAPAN, PENEGASAN DAN PENGESAHAN BATAS DESA BUKIT PARIAMAN KECAMATAN TENGGARONG SEBERANG;Peraturan Bupati;Berlaku;Berlaku
4768974308;25;2021;Peraturan Bupati Kutai Kartanegara Nomor 25 Tahun 2021 tentang Kedudukan, Susunan Organisasi, Tugas dan Fungsi serta Tata Kerja Perangkat Daerah pada Dinas Kependudukan dan Pencatatan Sipil;Peraturan Bupati;Dicabut;Mencabut Perbup No 6 Tahun 2019 dan dicabut dengan Perbup No 57 Tahun 2023
4833877108;32;2021;Peraturan Bupati Kutai Kartanegara No 32 Tahun 2021 tentang Kedudukan, Susunan Organisasi, Tugas dan Fungsi serta Tata Kerja Perangkat Daerah pada Dinas Pemberdayaan Perempuan dan Perlindungan Anak;Peraturan Bupati;Dicabut;Mencabut Perbup No 48 Tahun 2016 dan dicabut dengan Perbup No. 50 Tahun 2023
4853631822;6;2021;RENCANA UMUM PENANAMAN MODAL KABUPATEN;Peraturan Bupati;Berlaku;-
4914434636;51;2021;PENJABARAN PERUBAHAN ANGGARAN PENDAPATAN DAN BELANJA DAERAH  TAHUN ANGGARAN 2021;Peraturan Bupati;Berlaku;-
4934032803;31;2021;Peraturan Bupati Kutai Kartanegara Nomor 31 Tahun 2021 tentang Kedudukan, Susunan Organisasi, Tugas dan Fungsi serta Tata Kerja Perangkat Daerah pada Dinas Pengendalian Penduduk dan Keluarga Berencana;Peraturan Bupati;Dicabut;Mencabut Perbup No 68 Tahun 2016 dan dicabut dengan Perbup No 48 Tahun 2023
4943035368;19;2021;Peraturan Bupati Kutai Kartanegara Nomor 19 Tahun 2021 tentang Kedudukan, Susunan Organisasi, Tugas dan Fungsi serta Tata Kerja Perangkat Daerah pada Dinas Kelautan dan Perikanan;Peraturan Bupati;Dicabut;Mencabut Perbup No 39 Tahun 2016 dan dicabut dengan Perbup No 54 Tahun 2023
4952375043;12;2021;Peraturan Daerah Kabupaten Kutai Kartanegara Nomor 12 Tahun 2021 Tentang Perubahan Rencana Kerja Pemerintah Daerah Kabupaten Kutai Kartanegara Tahun 2021;Peraturan Bupati;Berlaku;Mengubah Perbup No. 41 Tahun 2020
4974855299;18;2021;Peraturan Bupati Kutai Kartanegara Nomor 18 Tahun 2021 tentang Kedudukan, Susunan Organisasi, Tugas dan Fungsi serta Tata Kerja Perangkat Daerah pada Dinas Transmigrasi dan Tenaga Kerja;Peraturan Bupati;Dicabut;Mencabut perbup No. 56 Tahun 2016 dan dicabut dengan Perbup No 58 Tahun 2023
5230219205;48;2021;Peraturan Bupati Kutai Kartanegara Nomor 48 Tahun 2021 Tentang Pembentukan, Kedudukan, Susunan Organisasi, Tanggung Jawab dan Wewenang serta Tata Kerja Rumah Sakit Umum Daerah Aji Batara Agung Dewa Sakti Samboja Kabupaten Kutai Kartanegara;Peraturan Bupati;Dicabut;Mencabut Perbup No. 29 Tahun 2015 dan dicabut dengan Perbup No. 57 Tahun 2022
5291416346;44;2021;Peraturan Bupati Kutai Kartanegara Nomor 44 Tahun 2021 tentang Kedudukan, Susunan Organisasi, Tugas dan Fungsi serta Tata Kerja Perangkat Daerah Pada Dinas Energi dan Sumber Daya Mineral;Peraturan Bupati;Berlaku;Mencabut Perbup No. 51 Tahun 2016
5373546679;70;2021;PENYELENGGARAAN DAN PENGELOLAAN PENDIDIKAN NONFORMAL DAN INFORMAL;Peraturan Bupati;Berlaku;-
5403521738;71;2021;Peraturan Bupati Kutai Kartanegara Nomor 71 Tahun 2021 tentang Penjabaran Anggaran Pendapatan dan Belanja Daerah Tahun Anggaran 2022;Peraturan Bupati;Berlaku;Diubah dengan Perbup No. 18 Tahun 2022 dan Perbup No. 27 Tahun 2022
5486968544;8;2021;RENCANA KERJA PERANGKAT DAERAH DILINGKUNGAN PEMERINTAH DAERAH TAHUN 2022;Peraturan Bupati;Berlaku;-
5488670500;62;2021;TUGAS BELAJAR DAN IZIN BELAJAR BAGI PEGAWAI NEGERI SIPIL DI LINGKUNGAN PEMERINTAH DAERAH;Peraturan Bupati;Berlaku;-
8100653930;45;2021;Peraturan Bupati Kutai Kartanegara Nomor 41 Tahun 2021 tentang Kedudukan, Susunan Organisasi, Tugas dan Fungsi serta Tata Kerja Perangkat Daerah Pada Sekretariat Dewan Perwakilan Rakyat Daerah;Peraturan Bupati;Dicabut;Mencabut Perbup No. 3 Tahun 2019 dan dicabut dengan Perbup No. 41 Tahun 2023
8154051836;64;2021;PELAKSANAAN PENDATAAN PENDUDUK NONPERMANEN;Peraturan Bupati;Berlaku;-
8184877772;28;2021;Peraturan Bupati Kutai Kartanegara Nomor 28 Tahun 2021 tentang Kedudukan, Susunan Organisasi, Tugas Dan Fungsi Serta Tata Kerja Perangkat Daerah Pada Dinas Ketahanan Pangan;Peraturan Bupati;Berlaku;Mencabut Perbup No. 67 Tahun 2016
8191836872;54;2021;Peraturan Bupati Kutai Kartanegara Nomor 54 Tahun 2021 tentang Perubahan Atas Peraturan Bupati Nomor 82 Tahun 2020 tentang Standar Harga Satuan Tahun 2021;Peraturan Bupati;Perubahan;Merubah Perbup No. 82 Tahun 2020
8200107789;38;2021;Peraturan Bupati Kabupaten Kutai Kartanegara Nomor 38 Tahun 2021 tentang Kedudukan, Susunan Organisasi, Tugas dan Fungsi serta Tata Kerja Perangkat Daerah pada Badan Perencanaan Pembangunan Daerah;Peraturan Bupati;Dicabut;Mencabut Perbup No. 72 Tahun 2016 dan dicabut dengan Perbup No. 44 Tahun 2023
8328368320;42;2021;Peraturan Bupati Kutai Kartanegara Nomor 42 Tahun 2021 tentang Kedudukan, Susunan Organisasi, Tugas dan Fungsi Serta Tata Kerja Perangkat Daerah pada Badan Penanggulangan Bencana Daerah;Peraturan Bupati;Dicabut;Mencabut Perbup No. 38 Tahun 2017 dan dicabut dengan Perbup No. 2 Tahun 2023
8409334790;75;2021;STANDAR OPERASIONAL PROSEDUR SATUAN POLISI PAMONG PRAJA;Peraturan Bupati;Berlaku;-
8615271532;3;2021;PETUNJUK TEKNIS PENERIMAAN PESERTA DIDIK BARU PADA PENDIDIKAN ANAK USIA DINI, SEKOLAH DASAR/MADRASAH IBTIDAIYAH, SEKOLAH MENENGAH PERTAMA/MADRASAH TSANAWIYAH DAN PENDIDIKAN KESETARAAN TAHUN AJARAN 2021-2022;Peraturan Bupati;Berlaku;Berlaku
8817566511;47;2021;Peraturan Bupati Kutai Kartanegara Nomor 47 Tahun 2021 tentang Pembentukan, Kedudukan, Susunan Organisasi, Tugas, Fungsi, Tanggung Jawab dan Wewenang serta Tata Kerja Rumah Sakit Umum Daerah Aji Muhammad Parikesit Tenggarong Kabupaten Kutai Kartanegara;Peraturan Bupati;Dicabut;Mencabut Perbup No. 89 Tahun 2012 dan dicabut oleh Perbup No. 58 Tahun 2022
9091111008;23;2021;Peraturan Bupati Kutai Kartanegara Nomor 23 Tahun 2021 tentang Kedudukan, Susunan Organisasi, Tugas dan Fungsi serta Tata Kerja Perangkat Daerah pada Dinas Perindustrian dan Perdagangan;Peraturan Bupati;Dicabut;Mencabut Perbup No 65 Tahun 2016 dan dicabut dengan Perbup No 64 Tahun 2023
9143215189;82;2021;PENETAPAN, PENEGASAN DAN PENGESAHAN BATAS KELURAHAN PANJI KECAMATAN TENGGARONG;Peraturan Bupati;Berlaku;-
9143884500;10;2021;PENETAPAN, PENEGASAN DAN PENGESAHAN BATAS DESA SUKA MAJU KECAMATAN TENGGARONG SEBERANG;Peraturan Bupati;Berlaku;-
2169943267;58;2021;TATA CARA PELAKSANAAN KONFIRMASI STATUS WAJIB PAJAK DAN PENELITIAN TERHADAP PEMENUHAN KEWAJIBAN PAJAK DAERAH;Peraturan Bupati;Berlaku;-
2281882757;14;2021;Peraturan Bupati Kutai Kartanegara No 14 Tahun 2021 tentang Kedudukan, Susunan Organisasi, Tugas dan Fungsi serta Tata Kerja Perangkat Daerah pada Dinas Pendidikan dan Kebudayaan;Peraturan Bupati;Dicabut;Dicabut dengan Perbup No 49 Tahun 2021 dan mencabut Perbup No 41 Tahun 2016
2398756648;29;2021;Peraturan Bupati Kutai Kartanegara Nomor 29 Tahun 2021 tentang Kedudukan, Susunan Organisasi, Tugas dan Fungsi serta Tata Kerja Perangkat Daerah pada  Dinas Koperasi dan Usaha Kecil Menengah;Peraturan Bupati;Dicabut;Mencabut Perbup No 5 Tahun 2019 dan dicabut dengan Perbup No 46 Tahun 2023
2587738329;40;2021;Peraturan Bupati Kutai Kartanegara Nomor 40 Tahun 2021 tentang Kedudukan, Susunan Organisasi, Tugas dan Fungsi Serta Tata Kerja Perangkat Daerah Pada Badan Penelitian dan Pengembangan Daerah;Peraturan Bupati;Dicabut;Mencabut Perbup No. 42 Tahun 2016 dan dicabut dengan Perbup No. 1 Tahun 2023
2683172704;21;2021;Peraturan Bupati Kutai Kartanegara Nomor 21 Tahun 2021 tentang Kedudukan, Susunan Organisasi, Tugas dan Fungsi serta Tata Kerja Perangkat Daerah pada Dinas Pertanahan dan Penataan Ruang;Peraturan Bupati;Dicabut;Mencabut Perbup No 49 Tahun 2016 dan dicabut dengan Perbup No 63 Tahun 2023
2742153839;80;2021;PENETAPAN, PENEGASAN DAN PENGESAHAN BATAS KELURAHAN MALUHU KECAMATAN TENGGARONG;Peraturan Bupati;Berlaku;-
2786798023;57;2021;PENYELENGGARAAN PUSAT KESEJAHTERAAN SOSIAL ANAK INTEGRATIF DI DAERAH;Peraturan Bupati;Berlaku;-
2923982052;26;2021;Peraturan Bupati Kutai Kartanegara Nomor 26 Tahun 2021 tentang Kedudukan, Susunan Organisasi, Tugas dan Fungsi serta Tata Kerja Perangkat Daerah pada Dinas Perhubungan;Peraturan Bupati;Dicabut;Mencabut Perbup No 53 Tahun 2016 dan dicabut dengan Perbup No 60 Tahun 2023
3003980926;11;2021;Pedoman Pelaksanaan Kredit Kutai Kartanegara Inovatif Berdaya Saing dan Mandiri;Peraturan Bupati;Berlaku;Diubah dengan Perbup No 67 Tahun 2023
3258793435;20;2021;Peraturan Bupati Kutai Kartanegara Nomor 20 Tahun 2021 tentang Kedudukan, Susunan Organisasi, Tugas dan Fungsi serta Tata Kerja Perangkat Daerah pada Dinas Lingkungan Hidup dan Kehutanan;Peraturan Bupati;Dicabut;Mencabut Perbup No 60 Tahun 2016 dan dicabut dengan Perbup No 47 Tahun 2023
3262204856;65;2021;Peraturan Bupati Nomor 65 Tahun 2021 tentang Besaran Tambahan Penghasilan Bagi Pegawai Aparatur Sipil Negara;Peraturan Bupati;Dicabut;Mencabut Perbup No. 10 Tahun 2020 dan dicabut dengan Perbup No. 12 Tahun 2024
1110526319;16;2021;Peraturan Bupati Kutai Kartanegara Nomor 51 Tahun 2023 tentang Kedudukan, Susunan Organisasi, Tugas dan Fungsi serta Tata Kerja Perangkat Daerah pada Dinas Pekerjaan Umum;Peraturan Bupati;Dicabut;Mencabut Perbup No 44 Tahun 2016 dan Dicabut dengan Perbup No 51 Tahun 2023
1130747905;56;2021;PERUBAHAN ATAS PERBUP NO 77 TAHUN 2017 TENTANG PEDOMAN PELAKSANAAN PERDA NO 7 TH 2017 TENTANG HAK KEUANGAN DAN ADMINISTRATIF PIMPINAN DAN ANGGOTA DPRD;Peraturan Bupati;Berlaku;-
1373130040;7;2021;PENCABUTAN PERATURAN BUPATI TENTANG PELIMPAHAN KEWENANGAN BUPATI KEPADA CAMAT DAN KELURAHAN;Peraturan Bupati;Berlaku;-
1470655046;55;2021;Peraturan Bupati Kutai Kartanegara Nomor 55 Tahun 2021 tentang Perubahan Atas Peraturan Bupati Nomor 77 Tahun 2020 tentang Tata Cara Pembagian dan Penetapan Rincian Dana Desa Setiap Desa Tahun Anggaran 2021;Peraturan Bupati;Perubahan;Merubah Perbup No. 77 Tahun 2020
1635298775;76;2021;Peraturan Bupati Kutai Kartanegara Nomor 76 Tahun 2021 tentang Kedudukan, Susunan Organisasi, Tugas dan Fungsi Pada Dinas Penanaman Modal dan Pelayanan Terpadu Satu Pintu;Peraturan Bupati;Berlaku;Mencabut Perbup No. 4 Tahun 2019
1833018362;53;2021;Peraturan Bupati Kutai Kartanegara Nomor 53 Tahun 2021 tentang Perubahan Atas Peraturan Bupati Nomor 75 Tahun 2020 tentang Tata Cara Pengalokasian dan Pembagian Alokasi Dana Desa Setiap Desa Tahun Anggaran 2021;Peraturan Bupati;Perubahan;Merubah Perbup No. 75 Tahun 2020
1944100495;5;2021;PETUNJUK TEKNIS PENGELOLAAN DANA BANTUAN OPERASIONAL SEKOLAH KABUPATEN TAHUN 2021;Peraturan Bupati;Berlaku;-
9606953223;6;2022;RANCANGAN ANGGARAN PENDAPATAN DAN BELANJA DAERAH TAHUN ANGGARAN 2023;Peraturan Daerah;Dicabut;NULL
8137708058;4;2022;PERTANGGUNGJAWABAN PELAKSANAAAN ANGGARAN PENDAPARTAN DAN BELANJA DAERAH TAHUN 2021;Peraturan Daerah;Berlaku;-
8383636597;3;2022;Peraturan Daerah Kabupaten Kutai Kartanegara Nomor 3 Tahun 2022 tentang Perubahan Kedua Atas Peraturan Daerah Nomor 9 Tahun 2016 tentang Pembentukan dan Susunan Perangkat Daerah Kabupaten Kutai Kartanegara;Peraturan Daerah;Berlaku;Mencabut Perda No 10 Tahun 2014, Perda No 4 Tahun 2013, Perda No 12 Tahun 2011 dan Perda No 7 Tahun 2008, mengubah Perda No 6 Tahun 2017 dan Perda No 9 Tahun 2016 serta diubah dengan Perda No 13 Tahun 2024
5035609764;1;2022;Peraturan Daerah Kabupaten Kutai Kartanegara Nomor 1 Tahun 2022 Tentang Penetapan Desa;Peraturan Daerah;Berlaku;Berlaku
4166678627;5;2022;PERUBAHAN ANGGARAN PENDAPATAN DAN BELANJA DAERAH TAHUN ANGGARAN 2022;Peraturan Daerah;Berlaku;-
4436176454;6;2022;Peraturan Daerah Kabupaten Kutai Kartanegara Nomor 6 Tahun 2022 tentang Anggaran Pendapatan dan Belanja Daerah Tahun Anggaran 2023;Peraturan Daerah;Berlaku;Diubah dengan Perda No 6 Tahun 2023
7460874632;2;2022;Peraturan Daerah Kabupaten Kutai Kartanegara Nomor 2 Tahun 2022 tentang Perubahan Atas Peraturan Daerah Nomor 8 Tahun 2016 Tentang Pemetaan Urusan Pemerintah Yang Menjadi Kewenangan Pemerintah Kabupaten Kutai Kartanegara;Peraturan Daerah;Berlaku;Diubah dengan Perda No 6 Tahun 2024 dan mengubah Perda No 8 Tahun 2016
2246290471;5;2022;PERUBAHAN ANGGARAN PENDAPATAN DAN BELANJA DAERAH TAHUN ANGGARAN 2022;Peraturan Daerah;Dicabut;NULL
6105996521;18;2022;Peraturan Bupati Kutai Kartanegara Nomor 18 Tahun 2022 tentang Perubahan Atas Penjabaran Anggaran Pendapatan dan Belanja Daerah Tahun Anggaran 2022;Peraturan Bupati;Berlaku;Diubah dengan Perbup No. 27 Tahun 2022 dan Mengubah Perbup No. 71 Tahun 2021
6407365353;16;2022;PENYELENGGARAAN PENDIDIKAN ANAK USIA DINI PRA SEKOLAH DASAR;Peraturan Bupati;Berlaku;-
9236856307;4;2022;BADAN PENGELOLA MASJID AGUNG SULTAN AJI MUHAMMAD SULAIMAN TENGGARONG KABUPATEN KUTAI KARTANEGARA;Peraturan Bupati;Berlaku;-
9429231706;25;2022;Peraturan Bupati Nomor 25 Tahun 2022 tentang Pedoman Pemberian Insentif Jasa Pelayanan Badan Layanan Umum Daerah Rumah Sakit Umum Daerah Dan Unit Pelaksana Teknis Daerah Pusat Kesehatan Masyarakat;Peraturan Bupati;Berlaku;Diubah dengan Perbup No. 28 Tahun 2023 dan mencabut Perbup No. 36 Tahun 2017 dan Perbup No. 59 Tahun 2017
9451868324;27;2022;Peraturan Bupati Kutai Kartanegara Nomor 27 Tahun 2022 tentang Perubahan Kedua Atas Penjabaran Anggaran Pendapatan dan Belanja Daerah Tahun Anggaran 2022;Peraturan Bupati;Perubahan;Merubah Perbup No. 18 Tahun 2022 dan Perbup No. 71 Tahun 2021
6853230480;31;2022;Peraturan Bupati Kabupaten Kutai Kartanegara Nomor 31 Tahun 2022 tentang Standar Harga Satuan Tahun 2023;Peraturan Bupati;Berlaku;Diubah dengan Perbup No. 9 Tahun 2023 dan Perbup No. 80 Tahun 2023
6869594076;48;2022;Peraturan Bupati Kutai Kartanegara Nomor 48 Tahun 2022 tentang Perubahan Atas Peraturan Bupati Nomor 51 Tahun 2019 tentang Besaran Penghasilan Tetap, Tunjangan dan Penerimaan Lainnya Untuk Kepala Desa, Perangkat Desa, Badan Permusyawaratan dan Staf Desa;Peraturan Bupati;Perubahan;Mengubah Perbup No. 51 Tahun 2019
7087538554;58;2022;Peraturan Bupati Kutai Kartanegara Nomor 58 Tahun 2022 tentang Pembentukan, Kedudukan, Susunan Organisasi, Uraian Tugas, Fungsi, Tangggung Jawab Dan Wewenang Serta Tata Kerja Rumah Sakit Umum Daerah Aji Muhammad Parikesit;Peraturan Bupati;Berlaku;Mencabut Perbup No. 47 Tahun 2021
7323021548;7;2022;TATA CARA PENGALOKASIAN DAN PEMBAGIAN ALOKASI DANA DESA SETIAP DESA TAHUN ANGGARAN 2022;Peraturan Bupati;Berlaku;-
7361944994;32;2022;TARIF LAYANAN LABORATORIUM LINGKUNGAN;Peraturan Bupati;Berlaku;-
7405184307;38;2022;Peraturan Bupati Kutai Kartanegara Nomor 38 Tahun 2022 tentang Pedoman Pembentukan Lembaga Kemasyarakatan Desa/Kelurahan Dan Lembaga Adat Desa/Kelurahan;Peraturan Bupati;Berlaku;Mencabut Perbup No. 21 Tahun 2016, Perbup No. 72 Tahun 2023, Perbup No. 73 Tahun 2023 dan Perbup No. 75 Tahun 2023
7644194585;52;2022;PEDOMAN PENYUSUNAN ANGGARAN PENDAPATAN DAN BELANJA DESA TAHUN ANGGARAN 2023;Peraturan Bupati;Berlaku;-
7815547899;15;2022;Peraturan Bupati Kutai Kartanegara Nomor 15 Tahun 2022 tentang Perubahan Atas Peraturan Bupati Nomor 66 Tahun 2021 tentang Standar Harga Satuan Tahun 2022;Peraturan Bupati;Perubahan;Mengubah Perbup No. 66 Tahun 2021
8014246928;29;2022;Peraturan Bupati Kutai Kartanegara No. 29 Tahun 2022 tentang Rencana Kerja Pemerintah Daerah Tahun 2023;Peraturan Bupati;Berlaku;Diubah dengan Perbup No. 26 Tahun 2023
3295736029;22;2022;KAWASAN TANPA ROKOK;Peraturan Bupati;Berlaku;-
3717761426;10;2022;PEDOMAN PENYUSUNAN ANGGARAN PENDAPATAN DAN BELANJA DESA TAHUN ANGGARAN 2022;Peraturan Bupati;Berlaku;-
3787711646;8;2022;Peraturan Bupati Kutai Kartanegara Nomor 8 Tahun 2022 tentang Tata Cara Pengalokasian Bagian Dari Hasil Pajak dan Retribusi Daerah Kepada Desa Tahun Anggaran 2022;Peraturan Bupati;Berlaku;Diubah dengan Perbup No. 35 Tahun 2022
3801408354;14;2022;Peraturan Bupati Kutai Kartanegara Nomor 14 Tahun 2022 tentang Teknis Pemberian Tunjangan Hari Raya Dan Gaji Ketiga Belas;Peraturan Bupati;Berlaku;Diubah dengan Perbup No. 11 Tahun 2023
3872675143;17;2022;Peraturan Bupati Kutai Kartanegara Nomor 12 Tahun 2023 tentang Petunujuk Teknis Penerima Calon Peserta Didik Baru Pada Pendidikan Anak Usia Dini, Pendidikan Dasar, Pendidikan Menengah Pertama Dan Pendidikan Kesetaraan;Peraturan Bupati;Dicabut;Dicabut dengan Perbup No. 16 Tahun 2023
4068652963;23;2022;TARIF LAYANAN BADAN LAYANAN UMUM DAERAH UNIT PELAKSANA TEKNIS DINAS PUSAT KESEHATAN MASYARAKAT;Peraturan Bupati;Berlaku;-
4078674281;36;2022;Peraturan Bupati Kutai Kartanegara Nomor 36 Tahun 2022 tentang Perubahan Rencana Kerja Pemerintah Daerah Kabupaten Kutai Kartanegara Tahun 2022;Peraturan Bupati;Perubahan;Mengubah Perbup No. 4 Tahun 2021
4087346690;45;2022;Peraturan Bupati Kutai Kartanegara Nomor 45 Tahun 2022 tentang Sistem Pemerintahan Berbasis Elektronik Dalam Penyelenggaraan Pemerintah Daerah;Peraturan Bupati;Berlaku;Mencabut Perbup No. 44 Tahun 2009 dan Perbup No. 46 Tahun 2009
4937697612;34;2022;Peraturan Bupati Kutai Kartanegara Nomor 34 Tahun 2022 tentang Perubahan Kedua Atas Peraturan Bupati Nomor 26 Tahun 2019 tentang Perjalanan Dinas;Peraturan Bupati;Berlaku;Merubah Perbup No 26 Tahun 2019 dan Perbup No 68 Tahun 2021 serta diubah dengan Perbup No. 86 Tahun 2023
5125553645;53;2022;Peraturan Bupati Kutai Kartanegara Nomor 53 Tahun 2022 tentang Pengelolaan Aset Desa;Peraturan Bupati;Berlaku;Mencabut Perbup No. 71 Tahun 2008
5213773085;41;2022;PENJABARAN PERTANGGUNGJAWABAN PELAKSANAAN ANGGARAN PENDAPATAN DAN BELANJA DAERAH TAHUN 2021;Peraturan Bupati;Berlaku;-
5306969892;3;2022;Peraturan Bupati Kabupaten Kutai Kartanegara No.3 Tahun 2022 Tentang Tata Cara Pemberian Dan Pemanfaatan Insentif Pemungutan Pajak Daerah Dan Retribusi Daerah;Peraturan Bupati;Berlaku;Berlaku
5397075070;21;2022;DESA/KELURAHAN RAMAH LINGKUNGAN;Peraturan Bupati;Berlaku;-
5608318647;9;2022;Peraturan Bupati Kutai Kartanegara Nomor 9 Tahun 2022 tentang Perubahan Atas Peraturan Bupati Nomor 12 Tahun 2020 tentang Pedoman Penatausahaan Administrasi Keuangan Desa;Peraturan Bupati;Perubahan;Mengubah Perbup No. 12 Tahun 2020
5690145844;24;2022;Peraturan Bupati Kutai Kartanegara Nomor 24 Tahun 2022 tentang Gaji Pegawai Badan Layanan Umum Daerah Non Aparatur Sipil Negara Rumah Sakit Umum Daerah;Peraturan Bupati;Berlaku;Mencabut Perbup No. 26 Tahun 2015
8098900304;56;2022;Peraturan Bupati Kutai Kartanegara Nomor 56 Tahun 2022 tentang Pembentukan, Kedudukan, Susunan Organisasi, Uraian Tugas, Fungsi, Tanggung Jawab dan Wewenang serta Tata Kerja Rumah Sakit Umum Daerah Dayaku Raja;Peraturan Bupati;Berlaku;Mencabut Perbup No. 49 Tahun 2021
8541534392;11;2022;Peraturan Bupati Kutai Kartanegara Nomor 11 Tahun 2022 tentang Pengadaan Barang dan/atau Jasa Badan Layanan Umum Daerah Rumah Sakit Umum Daerah dan UPTD Puskesmas Kabupaten Kutai Kartanegaragara;Peraturan Bupati;Berlaku;Mencabut Perbup No. 42 Tahun 2018, Perbup No. 27 Tahun 2014 dan Perbup No. 96 Tahun 2012
8948673988;59;2022;Peraturan Bupati Kutai Kartanegara Nomor 59 Tahun 2022 tentang Penjabaran Anggaran Pendapatan dan Belanja Daerah Tahun Anggaran 2023;Peraturan Bupati;Berlaku;Diubah dengan Perbup No. 12 Tahun 2023
2759469406;28;2022;Peraturan Bupati Kutai Kartanegara Nomor 28 Tahun 2022 tentang Pencabutan Peraturan Bupati tentang Pembentukan Tim Penerapan Standar Pelayanan Minimal;Peraturan Bupati;Berlaku;Mencabut Perbup No. 17 Tahun 2020
2860975692;40;2022;Peraturan Bupati Kutai Kartanegara Nomor 40 Tahun 2022 tentang Pengangkatan dan Pemberhentian Perangkat Desa;Peraturan Bupati;Berlaku;Berlaku
2985542284;33;2022;STANDAR PELAYANAN MINIMAL LABORATORIUM LINGKUNGAN;Peraturan Bupati;Berlaku;-
1436986620;1;2022;Peraturan Bupati Kutai Kartanegara nomor 54 Tahun 2020 Perubahan Tentang Pedoman Penerapan Disiplin dan Penegakan Hukum Protokol Kesehatan Sebagai upaya Pencegahan dan Pengendalian Corona Virus Disease 2019 (Covid-19);Peraturan Bupati;Perubahan;Perubahan dari PERBUP no 54 tahun 2020
1486337249;5;2022;Peraturan Bupati Nomor 5 Tahun 2022 tentang Beasiswa Kukar Idaman;Peraturan Bupati;Berlaku;Mencabut Perbup No. 11 Tahun 2016 dan diubah dengan Perbup No. 31 Tahun 2023
1566637413;57;2022;Peraturan Bupati Kutai Kartanegara Nomor 57 Tahun 2022 Tentang Pembentukan, Kedudukan, Susunan Organisasi, Uraian Tugas, Fungsi, Tanggung Jawab Dan Wewenang Serta Tata Kerja Rumah Sakit Umum Daerah Aji Batara Agung Dewa Sakti;Peraturan Bupati;Berlaku;Mencabut Perbup No. 48 Tahun 2021
1695658719;35;2022;Peraturan Bupati Kutai Kartanegara Nomor 35 Tahun 2022 tentang Perubahan Atas Peraturan Bupati Nomor 8 Tahun 2022 tentang Tata Cara Pengalokasian Bagian Dari Hasil Pajak dan Retribusi Daerah Kepada Desa Tahun Anggaran 2022;Peraturan Bupati;Perubahan;Mengubah Perbup No. 8 Tahun 2022
1743695897;39;2022;PEMBENTUKAN DAN PENYELENGGARAAN FORUM PEMBAURAN KEBANGSAAN DAN DEWAN PEMBINA FORUM PEMBAURAN KEBANGSAAN DI DAERAH;Peraturan Bupati;Berlaku;-
1790137363;26;2022;PEDOMAN PEMBERIAN BANTUAN PELAYANAN KESEHATAN BAGI PEMERLU PELAYANAN KESEJAHTERAAN SOSIAl DI LUAR KUOTA PESERTA PENERIMA BANTUAN IURAN DAN PENDUDUK YANG DIDAFTARKAN OLEH PEMERINTAH DAERAH;Peraturan Bupati;Berlaku;-
1841343631;13;2022;PEDOMAN PENGELOLAAN RISIKO DI LINGKUNGAN PEMERINTAH DAERAH;Peraturan Bupati;Berlaku;-
9932903467;2;2023;Peraturan Daerah Kabupaten Kutai Kartanegara Nomor 2 Tahun 2023 tentang Penyelenggaraan Kearsipan;Peraturan Daerah;Berlaku;Berlaku
5153620983;3;2023;Peraturan Daerah Kabupaten Kutai Kartanegara Nomor 3 Tahun 2023 tentang Pertanggungjawaban Pelaksanaan Anggaran Pendapatan dan Belanja Daerah Tahun 2022;Peraturan Daerah;Berlaku;Berlaku
5470964267;4;2023;Peraturan Daerah Kabupaten Kutai Kartanegara Nomor 4 Tahun 2023 tentang Penyelenggaraan Kesejahteraan Sosial;Peraturan Daerah;Berlaku;Berlaku
1027972035;7;2023;Peraturan Daerah Kabupaten Kutai Kartanegara Nomor 7 Tahun 2023 tentang Rencana Tata Ruang Wilayah Kabupaten Kutai Kartanegara Tahun 2023-2042;Peraturan Daerah;Berlaku;Mencabut Perda No. 9 Tahun 2013
3538002310;6;2023;Peraturan Daerah Kabupaten Kutai Kartanegara Nomor 6 Tahun 2023 tentang Perubahan Anggaran Pendapatan dan Belanja Daerah Tahun Anggaran 2023;Peraturan Daerah;Perubahan;Merubah Perda No 6 Tahun 2022
7194568028;2;2023;PENYELENGGARAAN KEARSIPAN;Peraturan Daerah;Berlaku;-
2637291904;1;2023;Peraturan Daerah Kabupaten Kutai Kartanegara Nomor 1 Tahun 2023 tentang Penyelenggaraan Perpustakaan;Peraturan Daerah;Berlaku;Mencabut Perbup No. 41 tahun 2018.
6570212549;1;2023;PENYELENGGARAAN PERPUSTAKAAN;Peraturan Daerah;Berlaku;-
5708100723;92;2023;PERATURAN BUPATI KUTAI KARTANEGARA NOMOR 92 TAHUN 2023 PELAYANAN ADMINISTRASI KEPENDUDUKAN SECARA DARING;Peraturan Bupati;Berlaku;Berlaku
5755655876;33;2023;Peraturan Bupati Kabupaten Kutai Kartanegara Nomor 33 Tahun 2023 tentang Perubahan Ketiga Atas Peraturan Bupati Nomor 65 Tahun 2021 tentang Besaran Tambahan Penghasilan Bagi Pegawai Aparatur Sipil Negara;Peraturan Bupati;Dicabut;Dicabut dengan Perbup No. 12 Tahun 2024
5813397440;64;2023;Peraturan Bupati Kutai Kartanegara Nomor 64 Tahun 2023 tentang Kedudukan, Susunan Organisasi, Tugas dan Fungsi serta Tata Kerja Dinas Perindustrian dan Perdagangan;Peraturan Bupati;Berlaku;Mencabut Perbup No 23 Tahun 2021
5820626753;44;2023;Peraturan Bupati Kabupaten Kutai Kartanegara Nomor 44 Tahun 2023 tentang Kedudukan, Susunan Organisasi, Tugas dan Fungsi serta Tata Kerja Badan Perencanaan Pembangunan Daerah;Peraturan Bupati;Berlaku;Mencabut Perbup No 38 Tahun 2021
5889883814;89;2023;PERATURAN BUPATI KUTAI KARTANEGARA NOMOR 89 TAHUN 2023 PEMBENTUKAN DESA PERSIAPAN JEMBAYAN ILIR DI KECAMATAN LOA KULU;Peraturan Bupati;Berlaku;Berlaku
6139857861;50;2023;Peraturan Bupati Kutai Kartanegara No 50 Tahun 2023 tentang Kedudukan, Susunan Organisasi, Tugas dan Fungsi serta Tata Kerja Dinas Pemberdayaan Perempuan dan Perlindungan Anak;Peraturan Bupati;Berlaku;Mencabut Perbup 32 Tahun 2021
6230992108;27;2023;Peraturan Bupati Kutai Kartanegara No. 27 Tahun 2023 tentang Perubahan ke Dua atas Peraturan Bupati Nomor 65 Tahun 2021 tentang Besaran Tambahan Penghasilan bagi Pegawai Aparatur Sipil Negara;Peraturan Bupati;Dicabut;Dicabut dengan Perbup No. 12 Tahun 2024
6399129301;68;2023;Peraturan Bupati Kutai Kartanegara Nomor 68 Tahun 2023 tentang Penggunaan Sertifikat Elektronik Di Lingkungan Pemerintah Daerah;Peraturan Bupati;Berlaku;Berlaku
6494853345;56;2023;Peraturan Bupati Kutai Kartanegara Nomor 56 Tahun 2023 tentang Kedudukan, Susunan, Organisasi, Tugas dan Fungsi serta Tata Kerja Dinas Sosial;Peraturan Bupati;Berlaku;Merubah Perbup No 22 Tahun 2021
6627424983;36;2023;PERATURAN BUPATI KABUPATEN KUTAI KARTANEGARA NOMOR 36 TAHUN 2023 TENTANG PERUBAHAN KEDUA ATAS PERATURAN BUPATI NOMOR 63 TAHUN 2021 TENTANG BANTUAN KEUANGAN KHUSUS KEPADA DESA;Peraturan Bupati;Berlaku;Berlaku
6656493477;55;2023;Peraturan Bupati Kutai Kartanegara Nomor 55 Tahun 2023 tentang Kedudukan, Susunan Organisasi, Tugas dan Fungsi serta Tata Kerja Dinas Kepemudaan dan Olahraga;Peraturan Bupati;Berlaku;Mencabut Perbup No 17 Tahun 2021
9317575316;97;2023;Peraturan Bupati Kutai Kartanegara Nomor 97 Tahun 2023 tentang Pembatasan Penggunaan Kantong Plastik;Peraturan Bupati;Berlaku;Berlaku
9468428735;63;2023;Peraturan Bupati Kutai Kartanegara Nomor 63 Tahun 2023 tentang Kedudukan, Susunan Organisasi, Tugas dan Fungsi serta Tata Kerja Dinas Pertanahan dan Penataan Ruang;Peraturan Bupati;Berlaku;Mencabut Perbup No 21 Tahun 2021
9519770566;32;2023;Peraturan Bupati Kutai Kartanegara Nomor 32 Tahun 2023 tentang Penyelenggaraan Kerukunan Umat Beragama dan Pendirian Rumah Ibadat;Peraturan Bupati;Berlaku;Berlaku
9610383972;6;2023;Peraturan Bupati Kutai Kartanegara Nomor 6 Tahun 2023 tentang Gugus Tugas Pendampingan Desa ''Kukar Idaman'';Peraturan Bupati;Berlaku;Diubah dengan Perbup No. 10 Tahun 2023 dan Perbup No. 11 Tahun 2024
9648781639;94;2023;Peraturan Bupati Kutai Kartanegara Nomor 94 Tahun 2023 tentang Penjabaran Anggaran Pendapatan dan Belanja Daerah Tahun Anggaran 2024;Peraturan Bupati;Berlaku;Diubah dengan Perbup No 5 Tahun 2024
9670060431;43;2023;Peraturan Bupati Kabupaten Kutai Kartanegara Nomor 43 Tahun 2023 tentang Kedudukan, Susunan Organisasi, Tugas dan Fungsi serta Tata Kerja Badan Pengelola Keuangan dan Aset Daerah;Peraturan Bupati;Berlaku;Mencabut Perbup No 36 Tahun 2021
9727944717;74;2023;Peraturan Bupati Kutai Kartanegara Nomor 74 Tahun 2023 tentang Kode Klasifikasi Arsip di Lingkungan Pemerintah Daerah;Peraturan Bupati;Berlaku;Mencabut Perbup No 60 Tahun 2019
9750060130;16;2023;Peraturan Bupati Kutai Kartanegara Nomor 16 Tahun 2023 tentang Petunjuk Teknis Penerima Calon Peserta Didik Baru pada Pendidikan Anak Usia Dini, Pendidikan Dasar, Pendidikan Menengah Pertama dan Pendidikan Kesetaraan;Peraturan Bupati;Berlaku;Mencabut Perbup No. 17 Tahun 2022
9758146148;58;2023;Peraturan Bupati Kutai Kartanegara Nomor 58 Tahun 2023 tentang Kedudukan, Susunan Organisasi, Tugas dan Fungsi serta Tata Kerja Dinas Transmigrasi dan Tenaga Kerja;Peraturan Bupati;Berlaku;Mencabut Perbup No 18 Tahun 2021
9836757667;14;2023;Peraturan Bupati Kabupaten Kutai Kartanegara Nomor 14 Tahun 2023 tentang Perubahan Atas Peraturan Bupati  Nomor 5 Tahun 2018 tentang Penetapan Lokasi Pengembangan Pembangunan Kawasan Perdesaan Agrowisata Behari Di Kecamatan Loa Kulu;Peraturan Bupati;Perubahan;Merubah Perbup No 5 Tahun 2018
9837097952;66;2023;Peraturan Bupati Kabupaten Kutai Kartanegara No. 66 Tahun 2023 tentang Rencana Detail Tata Ruang Wilayah Perkotaan Loa Janan Tahun 2023-2042;Peraturan Bupati;Berlaku;Berlaku
9971086369;73;2023;Peraturan Bupati Kabupaten Kutai Kartanegara Nomor 73 Tahun 2023 tentang Jadwal Retensi Arsip di Lingkungan Pemerintah Daerah;Peraturan Bupati;Berlaku;Mencabut Perbup No 65 Tahun 2020 dan Perbup No 21 Tahun 2018
7017113418;69;2023;Peraturan Bupati Kabupaten Kutai Kartanegara Nomor 69 Tahun 2023 tentang Peraturan Internal Rumah Sakit Umum Daerah Aji Muhammad Parikesit;Peraturan Bupati;Berlaku;Mencabut Perbup No 117 Tahun 2016
7168030421;34;2023;Peraturan Bupati Kutai Kartanegara Nomor 34 Tahun 2023 tentang Perubahan Atas Peraturan Bupati Nomor 38 Tahun 2019 tentang Gerakan Masyarakat Hidup Sehat;Peraturan Bupati;Perubahan;Merubah Perbup No. 38 Tahun 2019
7395098669;22;2023;Peraturan Bupati Kutai Kartanegara Nomor 22 Tahun 2023 tentang Rencana Kerja Pemerintah Daerah Tahun 2024;Peraturan Bupati;Berlaku;Diubah dengan Perbup No. 15 Tahun 2024
7480431818;81;2023;Peraturan Bupati Kutai Kartanegara Nomor 81 Tahun 2023 tentang Perubahan Atas Peraturan Bupati Nomor 35 Tahun 2023 tentang Penjabaran Perubahan Anggaran Pendapatan dan Belanja Daerah Tahun Anggaran 2023;Peraturan Bupati;Perubahan;Merubah Peraturan Bupati Nomor 35 Tahun 2023
7504631056;46;2023;Peraturan Bupati Kutai Kartanegara Nomor 46 Tahun 2023 tentang Kedudukan, Susunan Organisasi, Tugas dan Fungsi serta Tata Kerja Dinas Koperasi, Usaha Kecil dan Menengah;Peraturan Bupati;Berlaku;Mencabut Perbup No 29 Tahun 2021
7793145725;9;2023;Peraturan Bupati Kabupaten Kutai Kartanegara Nomor 9 Tahun 2023 tentang Perubahan Atas Peraturan Bupati Nomor 31 Tahun 2022 tentang Standar Harga Satuan Tahun 2023;Peraturan Bupati;Perubahan;Merubah Perbup No. 31 Tahun 2022
7923878716;60;2023;Peraturan Bupati Kutai Kartanegara Nomor 60 Tahun 2023 tentang Kedudukan, Susunan Organisasi, Tugas dan Fungsi serta Tata Kerja Dinas Perhubungan;Peraturan Bupati;Berlaku;Mencabut Perbup No 26 Tahun 2021
7925225587;88;2023;PERATURAN BUPATI KUTAI KARTANEGARA NOMOR 88 TAHUN 2023 PEMBENTUKAN DESA PERSIAPAN BADAK MAKMUR DI KECAMATAN MUARA BADAK;Peraturan Bupati;Berlaku;Berlaku
3302411114;95;2023;Peraturan Bupati Kutai Kartanegara No. 95 Tahun 2023 Tentang Rencana Detail Tata Ruang Kawasan Perkotaan Muara Kaman Tahun 2024-2043;Peraturan Bupati;Berlaku;Berlaku
3359729694;26;2023;Peraturan Bupati Kutai Kartanegara No. 26 Tahun 2023 tentang Perubahan Rencana Kerja Pemerintah Daerah Tahun 2023;Peraturan Bupati;Berlaku;Merubah Perbup No. 29 tahun 2022
3368837080;3;2023;Peraturan Bupati Kutai Kartanegara Nomor 3 Tahun 2023 tentang Kedudukan, Susunan Organisasi, Tugas dan Fungsi Serta Tata Kerja Dinas Pemadam Kebakaran dan Penyelamatan;Peraturan Bupati;Berlaku;Berlaku
3411826276;35;2023;Peraturan Bupati Kabupaten Kutai Kartanegara Nomor 35 Tahun 2023 tentang Penjabaran Perubahan Anggaran Pendapatan dan Belanja Daerah Tahun Anggaran 2023;Peraturan Bupati;Berlaku;Diubah dengan Perbup No 81 Tahun 2023
3478098028;80;2023;Peraturan Bupati Kutai Kartanegara Nomor 80 Tahun 2023 tentang Perubahan Kedua Atas Peraturan Bupati Nomor 31 Tahun 2022 tentang Standar Harga Satuan Tahun 2023;Peraturan Bupati;Perubahan;Merubah Perbup No 31 Tahun 2022
3492437300;53;2023;Peraturan Bupati Kutai Kartanegara Nomor 53 Tahun 2023 tentang Kedudukan, Susunan Organisasi, Tugas dan Fungsi serta Tata Kerja Dinas Pariwisata;Peraturan Bupati;Berlaku;Mencabut Perbup No. 27 Tahun 2021
3497890576;24;2023;Peraturan Bupati Kutai Kartanegara Nomor 24 Tahun 2023 tentang Keprotokolan di Lingkungan Pemerintah Daerah;Peraturan Bupati;Berlaku;Berlaku
3842414859;47;2023;Peraturan Bupati Kutai Kartanegara Nomor 47 Tahun 2023 tentang Kedudukan, Susunan Organisasi, Tugas dan Fungsi serta Tata Kerja Dinas Lingkungan Hidup dan Kehutanan;Peraturan Bupati;Berlaku;Mencabut Perbup No 20 Tahun 2021
3924981549;78;2023;PENYELENGGARAAN SISTEM INFORMASI KEARSIPAN DINAMIS TERINTEGRASI DI LINGKUNGAN PEMERINTAH DAERAH;Peraturan Bupati;Berlaku;-
4084799817;67;2023;Peraturan Bupati Kabupaten Kutai Kartanegara Nomor 67 Tahun 2023 tentang Perubahan Atas Peraturan Bupati Nomor 11 Tahun 2021 tentang Pedoman Pelaksanaan Kredit Kutai Kartanegara Inovatif Berdaya Saing dan Mandiri;Peraturan Bupati;Perubahan;Merubah Perbup No 11 Tahun 2021
4196291574;21;2023;Peraturan Bupati Kutai Kartanegara Nomor 21 Tahun 2023 tentang Petunjuk Teknis Pelaksanaan Bulan Bhakti Gotong Royong Masyarakat ke XX Tahun 2023;Peraturan Bupati;Berlaku;Berlaku
4410180437;76;2023;Peraturan Bupati Kutai Kartanegara Nomor 76 Tahun 2023 tentang Rencana Induk dan Peta Jalan Pemajuan Ilmu Pengetahuan dan Teknologi Kabupaten Kutai Kartanegara;Peraturan Bupati;Berlaku;Berlaku
4411122846;62;2023;Peraturan Bupati Kutai Kartanegara Nomor 62 Tahun 2023 Tentang Kedudukan, Susunan Organisasi, Tugas dan Fungsi serta Tata Kerja Dinas Kearsipan dan Perpustakaan;Peraturan Bupati;Berlaku;Merubah Perbup No 24 Tahun 2021
4470826221;59;2023;Peraturan Bupati Kutai Kartanegara Nomor 59 Tahun 2023 tentang Kedudukan, Susunan Organisasi, Tugas dan Fungsi serta Tata Kerja Dinas Pemberdayaan Masyarakat dan Desa;Peraturan Bupati;Berlaku;Mencabut Perbup No 30 Tahun 2021
4555238755;1;2023;Peraturan Bupati Kutai Kartanegara Nomor 1 Tahun 2023 tentang Kedudukan, Susunan Organisasi, Tugas Dan Fungsi Serta Tata Kerja Badan Riset dan Inovasi Daerah;Peraturan Bupati;Berlaku;Mencabut Perbup No 40 Tahun 2021
4603609228;11;2023;Peraturan Bupati Kutai Kartanegara Nomor 11 Tahun 2023 tentang Teknis Pemberian Tunjangan Hari Raya Dan Gaji Ketiga Belas Yang Bersumber Dari Anggaran Pendapatan Dan Belanja Daerah Tahun 2023;Peraturan Bupati;Berlaku;Mencabut Perbup No. 14 Tahun 2022
4626688981;57;2023;Peraturan Bupati Kutai Kartanegara Nomor 57 Tahun 2023 tentang Kedudukan, Susunan Organisasi, Tugas dan Fungsi serta Tata Kerja Dinas Kependudukan dan Pencatatan Sipil;Peraturan Bupati;Berlaku;Mencabut Perbup No 25 Tahun 2021
5031868684;71;2023;Peraturan Bupati Kabupaten Kutai Kartanegara Nomor 71 Tahun 2023 tentang Perubahan Kedua Atas Peraturan Bupati Nomor 65 Tahun 2019 tentang Pedoman Pemberian Hibah dan Bantuan Sosial yang Bersumber dari Anggaran Pendapatan dan Belanja Daerah;Peraturan Bupati;Perubahan;Merubah Perbup No 56 tahun 2020 dan Perbup No 65 Tahun 2019
5059572841;31;2023;Peraturan Bupati Kutai Kartanegara Nomor 31 Tahun 2023 tentang Perubahan Atas Peraturan Bupati Nomor 5 Tahun 2022 tentang Beasiswa Kukar Idaman;Peraturan Bupati;Perubahan;Merubah Peraturan Bupati Kutai Kartanegara Nomor 5 Tahun 2022 tentang Beasiswa Kukar Idaman
5199760576;83;2023;KEDUDUKAN, SUSUSNAN ORGANISASI, TUGAS DAN FUNGSI SERTA TATA KERJA PERUSAHAAN UMUM DAERAH AIR MINUM TIRTA MAHAKAM;Peraturan Bupati;Berlaku;-
5406980078;93;2023;Peraturan Bupati Kutai Kartanegara Nomor 93 Tahun 2023 tentang Rencana Aksi Daerah Kelapa Sawit Berkelanjutan Tahun 2023-2024;Peraturan Bupati;Berlaku;Berlaku
5649422774;19;2023;Peraturan Bupati Kutai Kartanegara Nomor 19 Tahun 2023 tentang Penetapan Kawasan Perdesaan dan Rencana Pembangunan Kawasan Perdesaan;Peraturan Bupati;Berlaku;Berlaku
8156350308;23;2023;TATA CARA PENGGUNAAN DAN PENYELENGGARAAN KARTU KREDIT PEMERINTAH DAERAH;Peraturan Bupati;Berlaku;Berlaku
8234304820;98;2023;Peraturan Bupati Kutai Kartanegara Nomor 98 Tahun 2023 tentang Standar Harga Satuan Tahun 2024;Peraturan Bupati;Berlaku;Diubah dengan Perbup No 42 Tahun 2024
8320009962;30;2023;PENJABARAN PERTANGGUNGJAWABAN PELAKSANA ANGGARAN PENDAPATAN DAN BELANJA DAERAH TAHUN 2022;Peraturan Bupati;Berlaku;Berlaku
8694088073;13;2023;Peraturan Bupati Kutai Kartanegara No. 13 Tahun 2023 tentang Perubahan atas Peraturan Bupati Nomor 65 Tahun 2021 tentang Besaran Tambahan Penghasilan bagi Pegawai Aparatur Sipil Negara;Peraturan Bupati;Dicabut;Mengubah Perbup No. 65 Tahun 2021 dan dicabut dengan Perbup No. 12 Tahun 2024
8795114313;77;2023;Peraturan Bupati Kutai Kartanegara Nomor 77 Tahun 2023 tentang Inovasi Daerah;Peraturan Bupati;Berlaku;Diubah dengan Perbup No. 13 Tahun 2024
8814652500;87;2023;PERATURTAN BUPATI KUTAI KARTANEGARA NOMOR 87 TAHUN 2023 PEMBENTUKAN DESA PERSIAPAN LOA DURI SEBERANG DI KECAMATAN LOA JANAN;Peraturan Bupati;Berlaku;Berlaku
8882976095;82;2023;Peraturan Bupati Kutai Kartanegara Nomor 82 Tahun 2023 tentang Tata Naskah Dinas di Lingkungan Pemerintah Kabupaten Kutai Kartanegara;Peraturan Bupati;Berlaku;Mencabut Perbup No. 14 Tahun 2018
8905963709;42;2023;Peraturan Bupati Kabupaten Kutai Kartanegara Nomor 42 Tahun 2023 tentang Kedudukan, Susunan Organisasi, Tugas dan Fungsi serta Tata Kerja Badan Kepegawaian dan Pengembangan Sumber Daya Manusia;Peraturan Bupati;Berlaku;Mencabut Perbup No. 39 Tahun 2021
9008655712;4;2023;Peraturan Bupati Kutai Kartanegara Nomor 4 Tahun 2023 tentang Tata Cara Pengalokasian Dan Pembagian Alokasi Dana Desa Setiap Desa Tahun Anggaran 2023;Peraturan Bupati;Berlaku;Berlaku
9011031248;40;2023;Peraturan Bupati Kutai Kartanegara No 40 Tahun 2023 Tentang Kedudukan, Susunan Organisasi, Tugas dan Fungsi serta Tatakerja Sekretariat Daerah;Peraturan Bupati;Berlaku;Mencabut Perbup No. 46 Tahun 2021
2182703171;51;2023;Peraturan Bupati Kutai Kartanegara Nomor 51 Tahun 2023 tentang Kedudukan, Susunan Organisasi, Tugas dan Fungsi serta Tata Kerja Dinas Pekerjaan Umum;Peraturan Bupati;Berlaku;Mencabut Perbup No 16 Tahun 2021
2255425135;49;2023;Peraturan Bupati Kutai Kartanegara No 49 Tahun 2023 tentang Kedudukan, Susunan Organisasi, Tugas dan Fungsi Serta Tata Kerja Dinas Pendidikan dan Kebudayaan;Peraturan Bupati;Berlaku;Mencabut Perbup No 14 Tahun 2021
2579659354;75;2023;Peraturan Bupati Kutai Kartanegara Nomor 75 Tahun 2023 tentang Penyelenggaraan Angkutan Orang Dengan Kendaraan Bermotor Umum Tidak Dalam Trayek Untuk Angkutan Karyawan;Peraturan Bupati;Berlaku;Berlaku
2579862344;28;2023;Peraturan Bupati Nomor 28 Tahun 2022 tentang Perubahan Atas Peraturan Bupati No 25 Th 2022 Tentang Pedoman Pemberian Insentif Jasa Pelayanan Badan Layanan Umum Daerah Rsud Dan Unit Pelaksana Teknis Dins Pusat Kesehatan Masyarakat;Peraturan Bupati;Perubahan;Berlaku
2589943094;10;2023;Peraturan Bupati Kutai Kartanegara Nomor 10 Tahun 2023 tentang Perubahan Atas Peraturan Bupati Nomor 6 Tahun 2023 tentang Gugus Tugas Pendampingan Desa ''Kukar Idaman'';Peraturan Bupati;Berlaku;Merubah Perbup No 6 tahun 2023
2626260912;52;2023;Peraturan Bupati Kutai Kartanegara No 52 Tahun 2023 tentang Kedudukan, Susunan Organisasi, Tugas dan Fungsi serta Tata Kerja Dinas Kesehatan;Peraturan Bupati;Berlaku;Mencabut
2697678521;65;2023;PERATURAN BUPATI KABUPATEN KUTAI KARTANEGARA NOMOR 65 TAHUN 2023 TENTANG RENCANA DETAIL TATA RUANG KAWASAN PERKOTAAN SANGA-SANGA TAHUN 2023-2042;Peraturan Bupati;Berlaku;Berlaku
2793559478;72;2023;PERATURAN BUPATI KABUPATEN KUTAI KARTANEGARA NOMOR 72 TAHUN 2023 TENTANG PEDOMAN PENGELOLAAN ARSIP TERJAGA DI LINGKUNGAN PEMERINTAH DAERAH;Peraturan Bupati;Berlaku;Berlaku
2872028074;12;2023;Peraturan Bupati Kutai Kartanegara Nomor 12 Tahun 2023 tentang Perubahan Penjabaran Anggaran Pendapatan dan Belanja Daerah 2023;Peraturan Bupati;Perubahan;Merubah Perbup No 59 Tahun 2022
3039491564;48;2023;Peraturan Bupati Kutai Kartanegara Nomor 48 Tahun 2023 tentang Kedudukan, Susunan Organisasi, Tugas dan Fungsi serta Tata Kerja Dinas Pengendalian Penduduk dan Keluarga Berencana;Peraturan Bupati;Berlaku;Mencabut Perbup No 31 Tahun 2021
3214777873;41;2023;KEDUDUKAN, SUSUNAN ORGANISASI, TUGAS DAN FUNGSI SERTA TATA KERJA SEKRETARIAT DEWAN PERWAKILAN RAKYAT DAERAH;Peraturan Bupati;Berlaku;-
1209586985;79;2023;SISTEM KLASIFIKASI KEAMANAN DAN AKSES ARSIP DINAMIS;Peraturan Bupati;Berlaku;-
1462725680;5;2023;Peraturan Bupati Kutai Kartanegara Nomor 5 Tahun 2023 tentang Tata Cara Pengalokasian Bagian Dari Hasil Pajak dan Retribusi Daerah Kepada Desa Tahun Anggaran 2023;Peraturan Bupati;Berlaku;Berlaku
1464282823;86;2023;Peraturan Bupati Kutai Kartanegara Nomor 86 Tahun 2023 tentang Perubahan Ketiga Atas Peraturan Bupati Nomor 26 Tahun 2019 tentang Perjalanan Dinas;Peraturan Bupati;Perubahan;Merubah Perbup No 26 Tahun 2019, Perbup No 34 Tahun 2022 dan Perbup No 86 Tahun 2023
1523008692;15;2023;Peraturan Bupati Kutai Kartanegara Nomor 15 Tahun 2023 tentang Perubahan Atas Peraturan Bupati Kutai Kartanegara Nomor 63 Tahun 2021 Tentang Bantuan Keuangan Khusus Kepada Desa;Peraturan Bupati;Perubahan;Mengubah Perbup No. 63 Tahun 2021
1572274043;61;2023;Peraturan Bupati Kutai Kartanegara Nomor 61 Tahun 2023 tentang Kedudukan, Susunan Organisasi, Tugas dan Fungsi serta Tata Kerja Dinas Komunikasi dan Informatika;Peraturan Bupati;Berlaku;Mencabut Perbup 52 Tahun 2021
1643340559;54;2023;Peraturan Bupati Kutai Kartanegara Nomor 54 Tahun 2023 tentang Kedudukan, Susunan Organisasi, Tugas dan Fungsi serta Tata Kerja Dinas Kelautan dan Perikanan;Peraturan Bupati;Berlaku;Merubah Perbup No 19 Tahun 2021
1655788383;39;2023;Peraturan Bupati Kutai Kartanegara Nomor 39 Tahun 2023 Tentang Rencana Detail Tata Ruang Kawasan Perkotaan Kota Bangun Tahun 2023-2042;Peraturan Bupati;Berlaku;Berlaku
1746566692;45;2023;Peraturan Bupati Kutai Kartanegara No 45 Tahun 2023 tentang Kedudukan, Susunan Organisasi, Tugas dan Fungsi Serta Tata Kerja Dinas Perumahan dan Kawasan Pemukiman;Peraturan Bupati;Berlaku;Mencabut Perbup No 33 Tahun 2021
1869860145;2;2023;Peraturan Bupati Kutai Kartanegara Nomor 2 Tahun 2023 tentang Kedudukan, Susunan Organisasi, Tugas dan Fungsi Serta Tata Kerja Badan Penanggulangan Bencana Daerah;Peraturan Bupati;Berlaku;Mencabut Perbup No. 42 Tahun 2021
2000992437;38;2023;PERATURAN BUPATI KUTAI KARTANEGARA NOMOR 38 TAHUN 2023 RENCANA DETAIL TATA RUANG KAWASAN PERKOTAAN MUARA BADAK TAHUN 2023-2042;Peraturan Bupati;Berlaku;Berlaku
8424087499;16;2024;Peraturan Daerah Nomor 16 Tahun 2024 tentang Rencana Pembangunan Jangka Panjang Daerah;Peraturan Daerah;Berlaku;Mencabut Perda No. 10 Tahun 2010
4622026555;13;2024;Peraturan Daerah Kabupaten Kutai Kartanegara Nomor 13 Tahun 2024 tentang Perubahan Ketiga Atas Peraturan Daerah Nomor 9 Tahun 2016 tentang Pembentukan dan Susunan Perangkat Daerah Kabupaten Kutai Kartanegara;Peraturan Daerah;Perubahan;Merubah Perda No. 9 Tahun 2016, Perda No. 6 Tahun 2017 dan Perda No. 3 Tahun 2022
5361299071;18;2024;Peraturan Daerah Kabupaten Kutai Kartanegara Nomor 18 Tahun 2024 tentang Pengelolaan dan Penyelenggaraan Sistem Air Limbah Domestik;Peraturan Daerah;Berlaku;Berlaku
1044850847;10;2024;Peraturan Daerah Kutai Kartanegara Nomor 10 Tahun 2024 tentang Tata Niaga dan Tata Kelola Sarang Burung Walet;Peraturan Daerah;Berlaku;Berlaku
1099728101;14;2024;Peraturan Daerah Kabupaten Kutai Kartanegara Nomor 14 Tahun 2024 tentang Grand Design Pembangunan Kependudukan Daerah tahun 2024-2029;Peraturan Daerah;Berlaku;Berlaku
1427360725;2;2024;Peraturan Daerah Kabupaten Kutai Kartanegara Nomor 2 Tahun 2024 tentang Perlindungan Produk Lokal;Peraturan Daerah;Berlaku;Berlaku
1516465097;17;2024;Peraturan Daerah Kabupaten Kutai Kartanegara Nomor 17 Tahun 2024 Anggaran Pendapatan dan Belanja Daerah Tahun Anggaran 2025;Peraturan Daerah;Berlaku;Berlaku
3704014760;12;2024;Peraturan Daerah Kabupaten Kutai Kartanegara Nomor 12 Tahun 2024 tentang Pertanggungjawaban Pelaksanaan Anggaran Pendapatan dan Belanja Daerah Tahun 2023;Peraturan Daerah;Berlaku;Berlaku
4167493390;6;2024;Peraturan Daerah Kabupaten Kutai Kartanegara Nomor 6 Tahun 2024 tentang Perubahan Kedua Atas Peraturan Daerah Nomor 8 Tahun 2016 tentang Pemetaan Urusan Pemerintahan yang Menjadi Kewenangan Pemerintah Kabupaten Kutai Kartanegara;Peraturan Daerah;Berlaku;"Merubah 
1. Perda No. 8 Tahun 2016.
2. Perda No. 2 Tahun 2022."
7055099015;3;2024;Peraturan Daerah Kabupaten Kutai Kartanegara Nomor 3 Tahun 2024    tentang Pengelolaan Zakat Pada Badan Amil Zakat Nasional Daerah;Peraturan Daerah;Berlaku;Mencabut Perda No. 9 Tahun 2008
7081693010;8;2024;Peraturan Daerah Kabupaten Kutai Kartanegara Nomor 8 Tahun 2024 tentang Perubahan Atas Peraturan Daerah Kutai Kartanegara Nomor 5 Tahun 2014 tentang Perlindungan dan Pengelolaan Lingkungan Hidup;Peraturan Daerah;Perubahan;Merubah Perda Nomor 5 Tahun 2014
7655742470;4;2024;Peraturan Daerah Kabupaten Kutai Kartanegara Nomor 4 Tahun 2024 tentang Penyediaan, Penyerahan, dan Pengelolaan Prasarana, Sarana dan Utilitas Umum Perumahan dan Pemukiman;Peraturan Daerah;Berlaku;Berlaku
2209789835;11;2024;Peraturan Daerah Kutai Kartanegara Nomor 11 Tahun 2024 tentang Penyelenggaraan Pelayanan Kepemudaan;Peraturan Daerah;Berlaku;Mencabut Perda Kab.Kutai Kartanegara No. 15 Tahun 2016
2443331667;7;2024;Peraturan Daerah Kabupaten Kutai Kartanegara Nomor 7 Tahun 2024 tentang Pencegahan dan Pemberantasan dan Peredaran Gelap Narkotika Psikotropika;Peraturan Daerah;Berlaku;Berlaku
3024236893;170;2024;Keputusan Dewan Perwakilan Rakyat Daerah Kabupaten Kutai Kartanegara Nomor: 170/SK-24/DPRD/11/2024 tentang Program Pembentukan Peraturan Daerah Kabupaten Kutai Kartanegara Tahun 2025;Peraturan Daerah;Berlaku;Berlaku
5741168950;5;2024;Peraturan Daerah Kabupaten Kutai Kartanegara Nomor 5 Tahun 2024 tentang Penyelenggaraan dan Perlindungan Tenaga Kerja Lokal;Peraturan Daerah;Berlaku;Berlaku
6480726830;1;2024;Peraturan Daerah Kabupaten Kutai Kartanegara Nomor 1 Tahun 2024 Tentang Pajak Daerah dan Retribusi Daerah;Peraturan Daerah;Berlaku;Mencabut Perda No. 2 Tahun 2011, Perda No. 19 Tahun 2011, Perda No. 11 Tahun 2013, Perda No. 16 Tahun 2015, Perda No. 17 Tahun 2016 dan Perda No. 9 Tahun 2018.
6582983779;9;2024;Peraturan Daerah Kabupaten Kutai Kartanegara Nomor 9 Tahun 2024 tentang Rencana Penanggulangan Bencana Daerah Tahun 2024-2028;Peraturan Daerah;Berlaku;-
5874346003;48;2024;Peraturan Bupati Kutai Kartanegara Nomor 48 Tahun 2024 tentang Pedoman Penyusunan Anggaran Pendapatan dan Belanja Desa Tahun Anggaran 2025;Peraturan Bupati;Berlaku;Berlaku
5907326365;3;2024;Peraturan Bupati Kutai Kartanegara Nomor 3 Tahun 2024 tentang Tata Cara Pengalokasian Bagi Hasil Pajak dan Retribusi Daerah Untuk Desa Tahun Anggaran 2024;Peraturan Bupati;Berlaku;Berlaku
6477907640;15;2024;Peraturan Bupati Kutai Kartanegara Nomor 15 Tahun 2024 tentang Perubahan Rencana Kerja Pemerintah Daerah Tahun 2024;Peraturan Bupati;Perubahan;Mengubah Perbup No. 22 Tahun 2023
6687049824;46;2024;Peraturan Bupati Kutai Kartanegara Nomor 46 Tahun 2024 tentang Tata Cara Pengalokasian dan Pembagian Alokasi Dana Desa setiap Desa Tahun Anggaran 2025;Peraturan Bupati;Berlaku;Berlaku
9197808903;2;2024;Peraturan Bupati Kutai Kartanegara Nomor 2 Tahun 2024 tentang Tata Cara Pengalokasian dan Pembagian Alokasi Dana Desa Setiap Desa Tahun Anggaran 2024;Peraturan Bupati;Berlaku;Berlaku
9805340559;45;2024;Peraturan Bupati Kutai Kartanegara Nomor 45 Tahun 2024 tentang Penjabaran Anggaran Pendapatan dan Belanja Daerah Tahun Anggaran 2025;Peraturan Bupati;Berlaku;Berlaku
9909732568;8;2024;Regulation of The Regent of Kutai Kartanegara Number 8 of 2024 On Establishment of Kembang Janggut Ulu Prepared Village in Kembang Janggut Sub-District;Peraturan Bupati;Berlaku;Valid
6755559120;19;2024;Peraturan Bupati Kutai Kartanegara nomor 19 Tahun 2024 tentang Kebijakan Akuntansi Pemerintah Daerah;Peraturan Bupati;Berlaku;"Mencabut  1. Perbup No. 16 Tahun 2014; 2. Perbup No. 5 Tahun 2016; 3. Perbup No. 68 Tahun 2017; 4. Perbup No. 51 Tahun 2018; dan 5. Perbup No. 68 Tahun 2020"
6946479782;26;2024;Peraturan Bupati Kutai kartanegara nomor 26 Tahun 2024 tentang Jaringan Dokumentasi dan Informasi Hukum;Peraturan Bupati;Berlaku;Berlaku
7029492964;37;2024;Peraturan Bupati Kutai Kartanegara Nomor 37 Tahun 2024 tentang Penegasan Batas Desa Kersik Kecamatan Marangkayu;Peraturan Bupati;Berlaku;Berlaku
7295290573;20;2024;Peraturan Bupati Kutai Kartanegara Nomor 20 Tahun 2024 tentang Rencana Kerja Perangkat Daerah Tahun 2025;Peraturan Bupati;Berlaku;Berlaku
7332299115;13;2024;Peraturan Bupati Kutai Kartanegara Nomor 13 Tahun 2024 tentang Perubahan Atas Peraturan Bupati Kutai Kartanegara Nomor 77 Tahun 2023 tentang Inovasi Daerah;Peraturan Bupati;Perubahan;Merubah Peraturan Bupati Kutai Kartanegara Nomor 77 Tahun 2023
7415781335;27;2024;Peraturan Bupati Kutai Kartanegara Nomor 27 Tahun 2024 tentang Peraturan Internal Rumah Sakit Umum Daerah Aji Batara Agung Dewa Sakti;Peraturan Bupati;Berlaku;Mencabut Perbup No. 53 Tahun 2019
7422425574;11;2024;Regulation of The Regent of Kutai Kartanegara Number 11 of 2024 On The Second Amendment To Regulation of The Regent of Kutai Kartanegara Number 6 of 2023 On Village Assistant Task Force “Kukar Idaman”;Peraturan Bupati;Perubahan;Valid
7555418919;39;2024;Peraturan Bupati Kutai Kartanegara No. 39 Tahun 2024 tentang Penegasan Batas Desa Santan Ilir Kecamatan Marangkayu.;Peraturan Bupati;Berlaku;Berlaku
7803069807;41;2024;Peraturan Bupati  Kutai Kartanegara Nomor 41 Tahun 2024 Percepatan Penurunan Stunting;Peraturan Bupati;Berlaku;Berlaku
3394833807;17;2024;Peraturan Bupati Kutai Kartanegara Nomor 17 Tahun 2024 tentang Rencana Detail Tata Ruang Wilayah Perencanaan Koridor Sanga Sanga - Muara Jawa Tahun 2024 - 2043;Peraturan Bupati;Berlaku;Berlaku
3582641765;28;2024;Peraturan Bupati Kutai Kartanegara Nomor 28 Tahun 2024 tentang Pedoman Pengadaan Barang/Jasa Pada Perusahaan Umum Daerah Air Minum Tirta Mahakam;Peraturan Bupati;Berlaku;Berlaku
3982451979;14;2024;Peraturan Bupati kutai Kartanegara Nomor 14 Tahun 2024 Tentang Rencana Kerja Pemerintah Daerah Tahun 2025;Peraturan Bupati;Berlaku;Berlaku
4017598458;40;2024;Peraturan Bupati Kutai Kartanegara Nomor 40 Tahun 2024 tentang Rencana Aksi Daerah Pangan dan Gizi;Peraturan Bupati;Berlaku;Mencabut Perbup No. 75 Tahun 2017
4056087371;47;2024;Peraturan Bupati Kutai Kartanegara Nomor 47 tentang Tata Cara Pengalokasian  Bagian dari Hasil Pajak dan Retribusi Daerah Kepada Desa Tahun Anggaran 2024;Peraturan Bupati;Berlaku;Berlaku
4125722875;1;2024;Peraturan Bupati Kutai Kartanegara Nomor 1 Tahun 2024 tentang Pedoman Penyusunan Anggaran Pendapatan dan Belanja Desa Tahun Anggaran 2024;Peraturan Bupati;Berlaku;Berlaku
4150402068;32;2024;Peraturan Bupati Kutai Kartanegara Nomor 32 Tahun 2024 tentang Penegasan Batas Desa Sepatin Kecamatan Anggana;Peraturan Bupati;Berlaku;Berlaku
4367857243;11;2024;Peraturan Bupati Kutai Kartanegara Nomor 11 Tahun 2024 tentang Perubahan Kedua Atas Peraturan Bupati Kutai Kartanegara Nomor 6 Tahun 2023 tentang Gugus Tugas Pendampingan Desa “Kukar Idaman”;Peraturan Bupati;Perubahan;Merubah Peraturan Bupati Kutai Kartanegara Nomor 6 Tahun 2023
4418301844;36;2024;Peraturan Bupati Kutai Kartanegara Nomor 36 Tahun 2024 tentang Penegasan Batas Desa Bunga Putih Kecamatan Marangkayu;Peraturan Bupati;Berlaku;Berlaku
4483632802;49;2024;Peraturan Bupati Kutai Kartanegara No. 49 Tahun 2024 tentang Standar Harga Satuan Tahun 2025;Peraturan Bupati;Berlaku;Berlaku
4559616563;5;2024;Peraturan Bupati Kutai Kartanegara Nomor 5 Tahun 2024 tentang Perubahan Atas Peraturan Bupati Nomor 94 Tahun 2023 tentang Penjabaran Anggaran Pendapatan dan Belanja Daerah Tahun Anggaran 2024;Peraturan Bupati;Perubahan;Merubah Peraturan Bupati Nomor 94 Tahun 2023
4967003523;4;2024;PERATURAN BUPATI KUTAI KARTANEGARA NOMOR 4 TAHUN 2024 PERUBAHAN KEDUA ATAS PERATURAN BUPATI NOMOR 51 TAHUN 2019 TENTANG BESARAN PENGHASILAN TETAP, TUNJANGAN DAN PENERIMAAN LAINNYA UNTUK KEPALA DESA, PERANGKAT DESA, BADAN PERMUSYAWARATAN DESA DAN STAF DESA;Peraturan Bupati;Perubahan;Merubah sebagian Peraturan Bupati No. 51 Tahun 2019
5001492889;24;2024;Peraturan Bupati Kutai Kartanegara Nomor 24 Tahun 2024 tentang Petunjuk Teknis Pengelolaan Dana Bantuan Operasional Sekolah Kabupaten;Peraturan Bupati;Berlaku;Berlaku
5449470400;43;2024;Peraturan Bupati Kutai Kartanegara Nomor 43 Tahun 2024 tentang Pedoman Tata Naskah Dinas di Lingkungan Pemerintah Daerah;Peraturan Bupati;Berlaku;Mencabut Perbup No. 14 Tahun 2018
5513838751;42;2024;Peraturan Bupati Kutai Kartanegara Nomor 42 Tahun 2024 tentang Perubahan Atas Peraturan Bupati Kutai Kartanegara Nomor 98 Tahun 2023 tentang Standar Harga Satuan Tahun 2024;Peraturan Bupati;Perubahan;Mengubah Perbup Nomor 98 Tahun 2023
5596762224;9;2024;Peraturan Bupati Kutai Kartanegara Nomor 9 Tahun 2024 tentang Pembentukan Desa Persiapan Sungai Payang Ilir di Kecamatan Loa Kulu;Peraturan Bupati;Berlaku;Berlaku
5685685048;3;2024;Regulation of The Regent of Kutai Kartanegara Number 3 of 2024 On Procedures For Allocation of Revenue Sharing of Local Taxes and Levies for Villages for 2024 Budget Year;Peraturan Bupati;Berlaku;Effective
8115310552;8;2024;Peraturan Bupati Kutai Kartanegara Nomor 8 Tahun 2024 tentang Pembentukan Desa Persiapan Kembang Janggut Ulu di Kecamatan Kembang Janggut;Peraturan Bupati;Berlaku;Berlaku
8136201464;23;2024;Peraturan Bupati Kutai Kartanegara Nomor 23 Tahun 2024 tentang Dana Bantuan Operasional Sekolah Kabupaten Afirmasi;Peraturan Bupati;Berlaku;Berlaku
8654305488;25;2024;Peraturan Bupati Kutai Kartanegara Nomor 25 Tahun 2024 tentang Peraturan Internal Rumah Sakit Umum Daerah Dayaku Raja;Peraturan Bupati;Berlaku;Mencabut Perbup No. 4 Tahun 2020
8732336619;31;2024;Peraturan Bupati Kutai Kartanegara Nomor 31 Tahun 2024 tentang Penegasan Batas Desa Muara Badak Ulu Kecamatan Muara Badak;Peraturan Bupati;Berlaku;Berlaku
8830769225;44;2024;Peraturan Bupati Kutai  Kartanegara Nomor 44 Tahun  2024 tentang Pedoman Pemberian Bantuan Rumah Layak Huni;Peraturan Bupati;Berlaku;Berlaku
8870936705;10;2024;Peraturan Bupati Kutai Kartanegara Nomor 10 Tahun 2024 tentang Teknis Pemberian Tunjangan Hari Raya dan Gaji Ketiga Belas yang Bersumber dari Anggaran Pendapatan dan Belanja Daerah Tahun 2024;Peraturan Bupati;Berlaku;Berlaku
8878404156;30;2024;Peraturan Bupati Kutai Kartanegara Nomor 30 Tahun 2024 tentang Rencana Aksi Pengarusutamaan Gender Tahun 2024 - 2026;Peraturan Bupati;Berlaku;Berlaku
8884763220;12;2024;Peraturan Bupati Kutai Kartanegara Nomor 12 Tahun 2024 tentang Pedoman Pemberian Tambahan Penghasilan Pegawai Aparatur Sipil Negara;Peraturan Bupati;Berlaku;Mencabut Perbup No. 33 Tahun 2023, Perbup No. 27 Tahun 2023, Perbup No. 13 Tahun 2023 dan Perbup No. 65 Tahun 2021
8925668400;6;2024;Peraturan Bupati Kutai Kartanegara Nomor 6 Tahun 2024 tentang Pembentukan Desa Persiapan Sumber Rejo di Kecamatan Tenggarong Seberang;Peraturan Bupati;Berlaku;Berlaku
9131844027;16;2024;Peraturan Bupati Kutai Kartanegara Nomor 16 Tahun 2024 Tentang Rencana Detail Tata Ruang Wilayah Perencanaan Jonggon Tahun 2024-2043;Peraturan Bupati;Berlaku;Berlaku
2254177976;35;2024;Peraturan Bupati Kutai Kartanegara No. 35 Tahun 2024 tentang Penegasan Batas Desa Kembang Janggut Kecamatan Kembang Janggut;Peraturan Bupati;Berlaku;Berlaku
2265279856;38;2024;Peraturan Bupati Kutai Kartanegara Nomor 38 Tahun 2024 tentang Penegasan Batas Desa Santan Tengah Kecamatan Marangkayu;Peraturan Bupati;Berlaku;-
2740634262;29;2024;Peraturan Bupati Kutai Kartanegara Nomor 29 Tahun 2024 tentang Pembentukan Dan Pedoman Pelaksanaan Kegiatan Klinik Konsultasi Desa;Peraturan Bupati;Berlaku;Berlaku
1018945044;34;2024;Peraturan Bupati Kutai Kartanegara Nomor 34 Tahun 2024 tentang Penegasan Batas Desa Sungai Payang Kecamatan Loa Kulu;Peraturan Bupati;Berlaku;Berlaku
1067386525;33;2024;Peraturan Bupati Kutai Kartanegara No. 33 Tahun 2024 Tentang Penegasan Batas Desa Handil Terusan  Kecamatan Anggana;Peraturan Bupati;Berlaku;Berlaku
1133209505;18;2024;Peraturan Bupati Kutai kartanegara Nomor 18 Tahun 2024 Tentang Penjabaran Pertanggungjawaban Pelaksanaan Anggaran Pendapatan dan Belanja Daerah Tahun 2023;Peraturan Bupati;Berlaku;Berlaku
1325867514;21;2024;Peraturan Bupati Kutai Kartanegara Nomor 21 Tahun 2024 tentang Pembentukan, Kedudukan, Susunan Organisasi, Tugas dan Fungsi serta Tata Kerja Unit Pelaksana Teknis Daerah Balai Pelaksana Penyuluhan Pertanian Pada Dinas Pertanian dan Peternakan;Peraturan Bupati;Berlaku;Mencabut Perbup No. 81 Tahun 2016
2069461315;7;2024;Peraturan Bupati Kutai Kartanegara Nomor 7 Tahun 2024 tentang Pembentukan Desa Persiapan Tanjung Barukang di Kecamatan Anggana;Peraturan Bupati;Berlaku;Berlaku
9365083047;2;2025;Peraturan Daerah Kabupaten Kutai Kartanegara Nomor 2 Tahun 2025 tentang Pemberian Insentif dan/atau Kemudahan Investasi di Daerah;Peraturan Daerah;Berlaku;Berlaku
9491421526;6;2025;Peraturan Daerah Kabupaten Kutai Kartanegara Nomor 6 Tahun 2025 tentang Pembangunan dan Pemberdayaan Masyarakat Desa;Peraturan Daerah;Berlaku;Berlaku
8778371170;7;2025;Peraturan Daerah Kabupaten Kutai Kartanegara Nomor 7 Tahun 2025 tentang Perubahan Atas Peraturan Daerah Nomor 1 Tahun 2024 tentang Pajak Daerah dan Retribusi Daerah;Peraturan Daerah;Perubahan;Mengubah Perda No. 1 Tahun 2024
3572188207;4;2025;Peraturan Daerah Kabupaten Kutai Kartanegara Nomor 4 Tahun 2025 tentang Rencana Perlindungan dan Pengelolaan Lingkungan Hidup;Peraturan Daerah;Berlaku;Berlaku
3904054846;9;2025;Peraturan Daerah Kabupaten Kutai Kartanegara Nomor 9 Tahun 2025 tentang Perubahan Anggaran Pendapatan dan Belanja Daerah Tahun Anggaran 2025;Peraturan Daerah;Berlaku;Berlaku
2311703276;8;2025;Peraturan Daerah Kabupaten Kutai Kartanegara Nomor 8 Tahun 2025 Tentang Pertanggungjawaban Pelaksanaan Anggaran Pendapatan dan Belanja Daerah Tahun 2024;Peraturan Daerah;Berlaku;Berlaku
2563336172;5;2025;Peraturan Daerah Kabupaten Kutai Kartanegara Nomor 5 Tahun 2025 tentang Kerja Sama Daerah;Peraturan Daerah;Berlaku;Berlaku
2739835294;11;2025;Peraturan Daerah Kabupaten Kutai Kartanegara Nomor 11 Tahun 2025 tentang Anggaran Pendapatan dan Belanja Daerah Tahun Anggaran 2026;Peraturan Daerah;Berlaku;Berlaku
5865533829;3;2025;Peraturan Daerah Kabupaten Kutai Kartanegara No. 3 Tahun 2025 tentang Penyelenggaraan Jaminan Sosial Ketenagakerjaan Bagi Pekerja Rentan;Peraturan Daerah;Berlaku;Berlaku
6344695808;10;2025;Peraturan Daerah Kabupaten Kutai Kartanegara No. 10 Tahun 2025 tentang Rencana Pembangunan Jangka Menengah Daerah Tahun 2025-2029;Peraturan Daerah;Berlaku;Berlaku
5709045001;15;2025;Peraturan Bupati Kutai Kartanegara No. 15 Tahun 2025 tentang Peraturan Pelaksanaan Peraturan Daerah Nomor 4 Tahun 2017 tentang Pengelolaan dan Penyelenggaraan Tempat Pelelangan Ikan;Peraturan Bupati;Berlaku;Berlaku
5824406479;4;2025;Peraturan Bupati Kutai Kartanegara No. 4 Tahun 2025 tentang Pembebasan Retribusi Persetujuan Bangunan Gedung Bagi Masyarakat Berpenghasilan Rendah;Peraturan Bupati;Berlaku;Berlaku
5912547577;8;2025;Peraturan Bupati  Kutai Kartanegara Nomor 8 Tahun 2025 tentang Standar Kualifikasi Aparatur Kebencanaan;Peraturan Bupati;Berlaku;Berlaku
5918091111;10;2025;Peraturan Bupati Kutai Kartanegara Nomor 10 Tahun 2025 tentang Status Keadaan Darurat Bencana Daerah;Peraturan Bupati;Berlaku;Berlaku
6023952773;28;2025;Peraturan Bupati Kutai Kartanegara Nomor 28 Tahun 2025 tentang Pedoman Tata Naskah Dinas Di Lingkungan Pemerintah Desa;Peraturan Bupati;Berlaku;Berlaku
6571230892;9;2025;Peraturan Bupati Kutai Kartanegara No. 9 Tahun 2025 Tentang Perubahan Atas Peraturan Bupati Nomor 37 Tahun 2023 Tentang Pelaksanaan Kemitraan Bidan Dan Dukun Bayi;Peraturan Bupati;Perubahan;Mengubah Perbup No. 37 Tahun 2023
6634245597;31;2025;Peraturan Bupati Kutai Kartanegara Nomor 31 Tahun 2025 tentang Pembentukan, Kedudukan, Susunan Organisasi, Tugas dan Fungsi serta Tata Kerja Unit Pelaksana Teknis Daerah Pusat Kesehatan Masyarakat pada Dinas Kesehatan;Peraturan Bupati;Berlaku;Berlaku
9236423320;6;2025;Peraturan Bupati Kutai Kartanegara No. 6 Tahun 2025 tentang Sistem Kerja di Lingkungan Pemerintah Daerah;Peraturan Bupati;Berlaku;Berlaku
9263223345;40;2025;Peraturan Bupati Kutai Kartanegara Nomor 40 Tahun 2025 tentang Penyelenggaraan Layanan Nomor Tunggal Panggilan Darurat;Peraturan Bupati;Berlaku;Berlaku
9315843547;34;2025;Peraturan Bupati  Kutai Kartanegara Nomor 34 Tahun 2025 tentang Pelaksanaan Persandian Untuk Pengamanan Informasi di Lingkungan Pemerintah Daerah;Peraturan Bupati;Berlaku;Berlaku
9593292738;35;2025;Peraturan Bupati Kutai Kartanegara Nomor 35 Tahun 2025 tentang Perubahan Atas Peraturan Bupati Nomor 24 Tahun 2024 tentang Petunjuk Teknis Pengelolaan Dana Bantuan Operasional Sekolah Kabupaten;Peraturan Bupati;Perubahan;Mengubah Perbup No. 24 Tahun 2024
9986297373;29;2025;Peraturan Bupati Kutai Kartanegara Nomor 29 Tahun 2025 tentang Rencana Kerja Pemerintah Daerah Tahun 2026;Peraturan Bupati;Berlaku;Berlaku
7104586501;16;2025;Bupati Kutai Peraturan Kartanegara Nomor 16 Tahun 2025 tentang Perubahan Atas Penjabaran Anggaran Pendapatan dan Belanja Daerah Tahun Anggaran 2025;Peraturan Bupati;Perubahan;Mengubah Perbup No. 45 Tahun 2024
7450101945;42;2025;Peraturan Bupati Kutai Kartanegara  Nomor 42 Tahun 2025 tentang Perubahan Atas Peraturan Bupati Kutai Kartanegara Nomor 49 Tahun 2024 Tentang Standar Harga Satuan Tahun 2025;Peraturan Bupati;Perubahan;Mengubah Perbup No. 49 Tahun 2024
7513076792;33;2025;Peraturan Bupati Kutai Kartanegara Nomor 33 Tahun 2025 tentang Pembentukan, Kedudukan, Tugas dan Fungsi Koordinator Wilayah Kecamatan Bidang Pendidikan pada Dinas Pendidikan dan Kebudayaan;Peraturan Bupati;Berlaku;Berlaku
7717393482;2;2025;Peraturan Bupati Kutai Kartanegara Nomor 2 Tahun 2025 tentang Kemitraan Badan Usaha Milik Desa/Badan Usaha Milik Desa Bersama dengan Perusahaan;Peraturan Bupati;Berlaku;Berlaku
7895383062;45;2025;Peraturan Bupati Kutai Kartanegara Nomor 45 Tahun 2025 tentang Pengelolaan Arsip Statis;Peraturan Bupati;Berlaku;Berlaku
3289926315;39;2025;Peraturan Bupati Kabupaten Kutai Kartanegara No. 39 Tahun 2025 tentang Perubahan Rencana Kerja Pemerintah Daerah Tahun 2025;Peraturan Bupati;Perubahan;Mengubah Perbup No. 14 Tahun 2024
3403332298;20;2025;Peraturan Bupati Kutai Kartanegara No. 20 Tahun 2025 tentang Teknis Pemberian Tunjangan Hari Raya Dan Gaji Ketiga Belas Tahun 2025;Peraturan Bupati;Berlaku;Mencabut Peraturan Bupati Nomor 14 Tahun 2024
3606916027;25;2025;Peraturan Bupati Kutai Kartanegara Nomor 25 Tahun 2025 Tentang Perubahan Ketiga Atas Penjabaran Anggaran Pendapatan dan Belanja Daerah Tahun Anggaran 2025;Peraturan Bupati;Perubahan;Mengubah Perbup No. 45 Tahun 2024
3746258833;30;2025;Peraturan Bupati Kutai Kartanegara Nomor 30 Tahun 2025 tentang Pembubaran Unit Pelaksana Teknis di Lingkungan Pemerintah Daerah;Peraturan Bupati;Berlaku;Mencabut 9 Perbup Tahun 2016 dan Mengubah Perbup No. 96 Tahun 2016
3818096099;11;2025;Peraturan Bupati Kutai Kartanegara Nomor 11 Tahun 2025 tentang Partisipasi Masyarakat Dalam Penyediaan Keuangan Untuk Penanggulangan Bencana;Peraturan Bupati;Berlaku;Berlaku
3945895684;32;2025;Peraturan Bupati Kutai Kartanegara Nomor 32 Tahun 2025 tentang Pedoman Penyelenggaraan Imunisasi;Peraturan Bupati;Berlaku;Berlaku
4233328245;7;2025;Peraturan Bupati Kutai Kartanegara Nomor 7 Tahun 2025 tentang Sistem Komando Tanggap Darurat Bencana Daerah;Peraturan Bupati;Berlaku;Berlaku
4491605240;52;2025;Peraturan Bupati Kabupaten Kutai Kartanegara No. 52 Tahun 2025 tentang Tata Cara Pengalokasian dan Pembagian Alokasi Dana Desa Setiap Desa Tahun Anggaran 2026;Peraturan Bupati;Berlaku;Berlaku
4884459033;46;2025;Peraturan Bupati Kutai Kartanegara Nomor 46 Tahun 2025 tentang Standar Harga Satuan Pemerintah Daerah Tahun 2026;Peraturan Bupati;Berlaku;Berlaku
4963305371;17;2025;Peraturan Bupati Kutai Kartanegara No. 17 Tahun 2025 tentang Tata Cara Pemberian Persetujuan Lokasi Untuk Kegiatan Perdagangan Karbon Sektor Kehutanan Pada Kawasan Gambut Dan Kawasan Mangrove Yang Berada Di Luar Kawasan Hutan;Peraturan Bupati;Berlaku;Berlaku
4974181503;36;2025;Peraturan Bupati  Kutai Kartanegara Nomor 36 Tahun 2025 tentang Manajemen Keamanan Informasi Sistem Pemerintahan  Berbasis Elektronik Di Lingkungan Pemerintah Daerah;Peraturan Bupati;Berlaku;Berlaku
5029573292;14;2025;Peraturan Bupati Kutai Kartanegara No. 14 Tahun 2025 tentang Tata Cara dan Tahapan Penerapan Sanksi Administratif Dalam Penanggulangan Bencana Daerah;Peraturan Bupati;Berlaku;Berlaku
5099891022;18;2025;Peraturan Bupati Kutai Kartanegara No. 18 Tahun 2025 tentang Kesadaran Masyarakat Dalam Pengelolaan Sampah;Peraturan Bupati;Berlaku;Berlaku
5180974910;44;2025;Peraturan Bupati Kutai Kartanegara Nomor 44 Tahun 2025 tentang Rencana Detail Tata Ruang Kawasan Perkotaan Tenggarong Tahun 2025-2044;Peraturan Bupati;Berlaku;Berlaku
5288853970;27;2025;Peraturan Bupati Kutai Kartanegara Nomor 27 Tahun 2025 tentang Pembentukan, Kedudukan, Susunan Organisasi, Uraian Tugas, Fungsi, Tanggung Jawab dan Wewenang serta Tata Kerja Rumah Sakit Umum Daerah pada Dinas Kesehatan;Peraturan Bupati;Berlaku;Mencabut Perbup No. 56 Tahun 2022, Perbup No. 57 Tahun 2022 dan Perbup No. 58 Tahun 2022.
5432431625;1;2025;Peraturan Bupati Kutai Kartanegara Nomor 1 Tahun 2025 tentang Tata Cara Pelaksanaan Penyusunan Standarisasi Satuan Harga Barang/Jasa di Desa;Peraturan Bupati;Berlaku;Berlaku
8150947989;37;2025;Peraturan Bupati Kabupaten Kutai Kartanegara Nomor 37 Tahun 2025 tentang Rencana Kerja Perangkat Daerah Tahun 2026;Peraturan Bupati;Berlaku;Berlaku
8463282295;19;2025;Peraturan Bupati Kutai Kartanegara No. 19 Tahun 2025 tentang Perubahan Kedua Atas Penjabaran Anggaran Pendapatan dan Belanja Daerah Tahun Anggaran 2025;Peraturan Bupati;Perubahan;Mengubah Perbup No. 45 Tahun 2024 dan Perbup No. 16 Tahun 2025
8489817432;47;2025;Peraturan Bupati Kutai Kartanegara Nomor 47 Tahun 2025 tentang Pedoman Penyusunan Anggaran Pendapatan dan Belanja Desa Tahun Anggaran 2026;Peraturan Bupati;Berlaku;Berlaku
8641406317;12;2025;Peraturan Bupati Kutai Kartanegara Nomor 12 Tahun 2025 Tentang Pembentukan Pusat Pengendalian Operasi Penanggulangan Bencana Daerah;Peraturan Bupati;Berlaku;Berlaku
8664177318;13;2025;Peraturan Bupati Kutai Kartanegara No. 13 Tahun 2025 tentang Penetapan Kawasan Rawan Bencana;Peraturan Bupati;Berlaku;Berlaku
9041569935;49;2025;"Peraturan Bupati Kutai Kartanegara Nomor 49 Tahun 2025 tentang Perubahan Atas Peraturan Bupati Kutai Kartanegara Nomor 13 Tahun 2022 tentang Pedoman Pengelolaan Risiko di Lingkungan Pemerintah
Daerah";Peraturan Bupati;Perubahan;Mengubah Perbup No. 13 Tahun 2022
9163392533;51;2025;Peraturan Bupati Kutai Kartanegara Nomor 51 Tahun 2025 tentang Penjabaran Anggaran Pendapatan dan Belanja Daerah Tahun Anggaran 2026;Peraturan Bupati;Berlaku;Berlaku
2207086736;48;2025;Peraturan Bupati Kutai Kartanegara Nomor 48 Tahun 2025 Tentang Pengelolaan Arsip Dinamis;Peraturan Bupati;Berlaku;Berlaku
2510284078;50;2025;Peraturan Bupati Kabupaten Kutai Kartanegara No. 50 Tahun 2025 tentang Penyelenggaraan dan Pengelolaan Perpustakaan Umum, Perpustakaan Sekolah/Madrasah, dan Perpustakaan Khusus;Peraturan Bupati;Berlaku;Berlaku
3168416004;43;2025;Peraturan Bupati Kutai Kartanegara Nomor 43 Tahun 2025 tentang Perubahan Penjabaran Anggaran Pendapatan dan Belanja Daerah Tahun Anggaran 2025;Peraturan Bupati;Berlaku;Berlaku
3188421743;21;2025;Peraturan Bupati Kutai Kartanegara No. 21 Tahun 2025 tentang Peran Serta Masyarakat Dalam Penanggulangan Bencana Daerah;Peraturan Bupati;Berlaku;Berlaku
1012056700;53;2025;Peraturan Bupati Kabupaten Kutai Kartanegara Nomor 53 Tahun 2025 tentang Tata Cara Pengalokasian Bagian Dari Hasil Pajak dan Retribusi Daerah Kepada Desa Tahun Anggaran 2026;Peraturan Bupati;Berlaku;Berlaku
1376844435;22;2025;Peraturan Bupati Kutai Kartanegara Nomor 22 Tahun 2025 tentang Persyaratan Standar Teknis Penanggulangan Bencana Daerah;Peraturan Bupati;Berlaku;Berlaku
1679352472;24;2025;Peraturan Bupati Kutai Kartanegara Nomor 24 Tahun 2025 tentang Perubahan Kedua Atas Peraturan Bupati Kutai Kartanegara Nomor 77 Tahun 2023 tentang Inovasi Daerah;Peraturan Bupati;Perubahan;Mengubah Perbup No. 77 Tahun 2023 dan Perbup No. 13 Tahun 2024
1854039208;26;2025;Peraturan Bupati Kutai Kartanegara Nomor 26 Tahun 2025 tentang Pedoman Penyelenggaraan Koperasi Desa/Kelurahan Merah Putih;Peraturan Bupati;Berlaku;Berlaku
1871212456;23;2025;Peraturan Bupati  Kutai Kartanegara Nomor 23 Tahun 2025 tentang Ketentuan Umum dan Tata Cara Pemungutan Pajak Daerah;Peraturan Bupati;Perubahan;Mencabut 12 Perbup Tahun 2010 - 2014 serta mengubah Perbup No. 38 Tahun 2014
2070117523;41;2025;Peraturan Bupati Kutai Kartanegara Nomor 41 Tahun 2025 tentang Pengembangan Minat Baca Masyarakat dan Pembudayaan Kegemaran Membaca;Peraturan Bupati;Berlaku;Berlaku
2075804082;38;2025;Peraturan Bupati Kutai Kartanegara Nomor 38 Tahun 2025 tentang Penjabaran Pertanggungjawaban Pelaksanaan Anggaran Pendapatan dan Belanja Daerah Tahun 2024;Peraturan Bupati;Berlaku;Berlaku
2099715775;3;2025;Peraturan Bupati Kutai Kartanegara Nomor 3 Tahun 2025 tentang Pembebasan Bea Perolehan Hak Atas Tanah dan Bangunan Bagi Masyarakat Berpenghasilan Rendah;Peraturan Bupati;Berlaku;Berlaku